{
  "backend": "emcee",
  "names": [
    "Omega_m",
    "h",
    "f_1",
    "n"
  ],
  "means": [
    0.3357734213982282,
    0.6512347165312775,
    0.13724223156244558,
    1.11793188925074
  ],
  "stds": [
    0.006255888635368101,
    0.006539573482714906,
    0.06832130076824829,
    0.042032162838231905
  ],
  "rhat": [
    1.2222664225804083,
    1.231841533608518,
    1.2662133637958568,
    1.2370220189962358
  ],
  "w0_samples": [
    -0.9938971997874968,
    -0.9845848753605578,
    -0.9820066807283638,
    -0.9842518290854891,
    -0.9808712442049798,
    -0.982101067646202,
    -0.9830965406760253,
    -0.9920449174212758,
    -0.9955705133129322,
    -0.9905027055097647,
    -0.9929610096278038,
    -0.9714352112897034,
    -0.9837261051284854,
    -0.9748630658719827,
    -0.987195719095732,
    -0.992661413082078,
    -0.9892724643827545,
    -0.9886006933525904,
    -0.9770775386273647,
    -0.9859921581442825,
    -0.9786965167414631,
    -0.9827175488767196,
    -0.9780926727554611,
    -0.9854047298798717,
    -0.98625000278418,
    -0.9731262381418031,
    -0.978287097224997,
    -0.9916684423112574,
    -0.9712784699900905,
    -0.9765407363543971,
    -0.9801269265037164,
    -0.9811949599359806,
    -0.9818034911826456,
    -0.989210539178851,
    -0.9944085241855631,
    -0.9965068429047397,
    -0.9700382282746575,
    -0.9921331477460118,
    -0.9828695993047193,
    -0.996594754578844,
    -0.9751565853983604,
    -0.9899331682433529,
    -0.9894537316276372,
    -0.9935583153176101,
    -0.9934603648788951,
    -0.9838485490791837,
    -0.9787708804843013,
    -0.9823181435136034,
    -0.9911060983514014,
    -0.980714005984983,
    -0.9900750535995477,
    -0.985965283946702,
    -0.998823678989904,
    -0.9907240571211394,
    -0.9862185789622693,
    -0.98349469450974,
    -0.9867451816861563,
    -0.9884250221555723,
    -0.9836757911497472,
    -0.9950738428184005,
    -0.9788831173878122,
    -0.9798271120100358,
    -0.9793678308807361,
    -0.991311374634631,
    -0.9704026583301439,
    -0.975391191232443,
    -0.9774556097539717,
    -0.9949653757111919,
    -0.9829196250871869,
    -0.9764809647924941,
    -0.9747931035583111,
    -0.9983046923345387,
    -0.9837885414188133,
    -0.994478441919812,
    -0.9916306231032503,
    -0.968483339423961,
    -0.9908108874178907,
    -0.9744970020803362,
    -0.9769365509181708,
    -0.9783789704657516,
    -0.9736291174135503,
    -0.9779641320271222,
    -0.9728908196509679,
    -0.9805435392615345,
    -0.997007011951007,
    -0.9839103439603987,
    -0.98838713008984,
    -0.9944798857799549,
    -0.9806779714260074,
    -0.9921032257648091,
    -0.9980382726857396,
    -0.9945652128039462,
    -0.9897241233351852,
    -0.9838674725475738,
    -0.9847208869317177,
    -0.9874618731710954,
    -0.9921925464216375,
    -0.9828153082030927,
    -0.9876480306560573,
    -0.9889156727318467,
    -0.9882904901742958,
    -0.9708531771749761,
    -0.99659762069953,
    -0.9845977835796426,
    -0.9820791690935667,
    -0.984547519190164,
    -0.977590487751151,
    -0.9864071926797012,
    -0.9957982590957543,
    -0.9830772103128232,
    -0.9738535027401559,
    -0.9782645837195849,
    -0.9815093081559474,
    -0.9709498133989476,
    -0.9762939387825701,
    -0.9757661524336099,
    -0.9803367764050136,
    -0.972934651113962,
    -0.9896886346573668,
    -0.9875090130040693,
    -0.9852915062364609,
    -0.9894752365527694,
    -0.9974244974506525,
    -0.9758941686733867,
    -0.9959490441797719,
    -0.9890150479133294,
    -0.9864163883316373,
    -0.98764347620945,
    -0.9999538186010921,
    -0.9861284091398764,
    -0.9955872536614832,
    -0.975714029893557,
    -0.9793284083086596,
    -0.9839509276199963,
    -0.9898992263826991,
    -0.99117908382244,
    -0.986697696077495,
    -0.9969223245154756,
    -0.9764615148654461,
    -0.9850620095063897,
    -0.9789981172366581,
    -0.9818600319799358,
    -0.9781118571959113,
    -0.9821670746728653,
    -0.9732771961581078,
    -0.9809953647436431,
    -0.9942314917227549,
    -0.9943575238963441,
    -0.979525034392963,
    -0.9870547499795549,
    -0.9864155587076323,
    -0.9960560373290833,
    -0.9914891513658338,
    -0.983351604443716,
    -0.9946971119110206,
    -0.9857957995390444,
    -0.9721573938412168,
    -0.9814094947159794,
    -0.9758973914629435,
    -0.981170382830818,
    -0.9805847179503244,
    -0.9810092694763972,
    -0.9850929631747473,
    -0.9753551342465333,
    -0.9889754734087992,
    -0.998703840193185,
    -0.9829919348358783,
    -0.9859536570020727,
    -0.9777775764026786,
    -0.9834216335099626,
    -0.9784276520288447,
    -0.9840674310642435,
    -0.9817244046243605,
    -0.9765914020051025,
    -0.9732489476258267,
    -0.9711327428492208,
    -0.9898133015337389,
    -0.982966471460038,
    -0.9857113878106255,
    -0.9750630190725907,
    -0.9913465985215341,
    -0.9806091230083206,
    -0.9866584228954032,
    -0.9895479362268642,
    -0.975837943563241,
    -0.9897558114556748,
    -0.9749940190227581,
    -0.9823224384583621,
    -0.9798226880282119,
    -0.9876914282131817,
    -0.9872523533768961,
    -0.9655724284849049,
    -0.9873107946303493,
    -0.9976877341376456,
    -0.991519363778665,
    -0.9866748306910824,
    -0.9859050170835361,
    -0.9991836747382354,
    -0.9874887345080787,
    -0.9748560712993019,
    -0.9941624176116662,
    -0.9892430876426028,
    -0.9785922290105711,
    -0.9779734435637706,
    -0.9937074027528631,
    -0.9770609882159198,
    -0.99530326056262,
    -0.9927773316966351,
    -0.9818544607772419,
    -0.978599795535807,
    -0.9813186476488667,
    -0.9831835772582216,
    -0.9870052292632169,
    -0.9727485905635326,
    -0.9864157121124209,
    -0.9960144132903362,
    -0.9780317478922848,
    -0.9909333167344837,
    -0.9788584938518237,
    -0.9867870845583009,
    -0.9797210803104388,
    -0.981074949418226,
    -0.9864896382045153,
    -0.9815452580272254,
    -0.9854375935454145,
    -0.983920895083454,
    -0.9928390198384823,
    -0.9739426127226324,
    -0.980776030482817,
    -0.9861571530664066,
    -0.9768181005645499,
    -0.9783555160076541,
    -0.987264498435354,
    -0.9856133279352407,
    -0.9940681111621228,
    -0.9821874449097869,
    -0.9731262381418031,
    -0.9886096137353932,
    -0.9822789970497884,
    -0.9941011107064398,
    -0.9820052739944749,
    -0.973305067158498,
    -0.9875996215287929,
    -0.9779188174274627,
    -0.9891883178740044,
    -0.9798762032526466,
    -0.984720233840618,
    -0.9879375795273391,
    -0.9758712071954032,
    -0.9971780080731232,
    -0.9975731879462365,
    -0.9956712690785249,
    -0.9781067473810842,
    -0.9749537214820028,
    -0.9759302029608161,
    -0.9988886178642719,
    -0.9802412704766402,
    -0.9899807552037498,
    -0.9840033201981004,
    -0.9804563553090181,
    -0.9784546868508487,
    -0.9734741795511687,
    -0.9933851233852724,
    -0.9877492664532498,
    -0.9724084485816303,
    -0.9784547885069051,
    -0.9741301587839326,
    -0.9967788869953678,
    -0.9825573369791263,
    -0.9879017647423617,
    -0.9947664447145,
    -0.9825143506546331,
    -0.9917970159917711,
    -0.9753617995167424,
    -0.9910883271452869,
    -0.9933682774027616,
    -0.9755357617161028,
    -0.989347192921848,
    -0.992908167750671,
    -0.9885786779340673,
    -0.9746549201958535,
    -0.9790385632948919,
    -0.995170654994869,
    -0.986452630278331,
    -0.9883776885427946,
    -0.9746215952392837,
    -0.9851978376924191,
    -0.9768869149422086,
    -0.9843553652474316,
    -0.9742919754753777,
    -0.9967788869953678,
    -0.9829321351569503,
    -0.9733089149349009,
    -0.9917747121204612,
    -0.9918216720961842,
    -0.9850439701798088,
    -0.9859334363718041,
    -0.9750094699676711,
    -0.9916357389919721,
    -0.9807806426044708,
    -0.968483339423961,
    -0.9788041677185941,
    -0.9989140435983722,
    -0.9830274353386588,
