{
  "task0": {
    "lcdm": {
      "Om": 0.32356349650725874,
      "H0": 67.51865732967124,
      "chi2": 1755.9232105444055,
      "aicc": 1759.929697030892,
      "chi2_bao": 20.012914836885606,
      "chi2_cmb": 2.598561190126792,
      "chi2_sn": 1725.9353849318427,
      "chi2_rsd": 7.376349585550363
    },
    "cpl": {
      "Om": 0.36175160328932504,
      "H0": 63.48577711078727,
      "w0": -0.44774424239139116,
      "wa": -1.4695536259222894,
      "chi2": 1644.8844186069332,
      "aicc": 1652.9060636285783,
      "daicc_vs_lcdm": -107.02363340231364
    },
    "lcdm_aicc": 1759.929697030892
  },
  "tier1_ranked": [
    {
      "tag": "H-DEC-PATH-LIN-k3",
      "k": 3,
      "daicc": -54.316087496243426,
      "daicc_vs_cpl": 52.70754590607021,
      "aicc": 1705.6136095346485,
      "chi2": 1699.6006295454652,
      "params": [
        0.3398898316404835,
        64.51760262387793,
        0.732291778699344
      ],
      "boundary": false,
      "verdict": "Q94 DISCOVERY",
      "w0": -1.288593593755857,
      "wa": 0.42078931951595405,
      "q0": -0.7758435116787438,
      "muR0": 0.732291778699344,
      "n": 1.0,
      "eps": 0.0
    },
    {
      "tag": "H-DEC-PATH-LIN-k2",
      "k": 2,
      "daicc": -44.57513294814271,
      "daicc_vs_cpl": 62.448500454170926,
      "aicc": 1715.3545640827492,
      "chi2": 1711.3480775962628,
      "params": [
        0.3489760108092277,
        63.21229929292124
      ],
      "boundary": false,
      "verdict": "Q95 VICTORY",
      "w0": -1.4043494119032585,
      "wa": 0.5923100307891291,
      "q0": -0.8713113035349211,
      "muR0": 1.0,
      "n": 1.0,
      "eps": 0.0
    },
    {
      "tag": "H-BAL-PATH-POW-k4",
      "k": 4,
      "daicc": -37.06542851395284,
      "daicc_vs_cpl": 69.9582048883608,
      "aicc": 1722.864268516939,
      "chi2": 1714.842623495294,
      "params": [
        0.3321103478579583,
        65.60595466751802,
        2.6734709566474884,
        5.9996511017257
      ],
      "boundary": true,
      "verdict": "K92 INVALID",
      "w0": -1.2018213486064802,
      "wa": 0.3111553792632357,
      "q0": -0.7039559767036595,
      "muR0": 2.6734709566474884,
      "n": 5.9996511017257,
      "eps": 0.0
    },
    {
      "tag": "H-BAL-VOL-LIN-k3",
      "k": 3,
      "daicc": -25.153323238200755,
      "daicc_vs_cpl": 81.87031016411288,
      "aicc": 1734.7763737926912,
      "chi2": 1728.7633938035078,
      "params": [
        0.33240961655163537,
        65.53319274747803,
        3.488926814723987
      ],
      "boundary": false,
      "verdict": "Q94 DISCOVERY",
      "w0": -1.1974844626084502,
      "wa": 0.265584605377492,
      "q0": -0.6990739303532187,
      "muR0": 3.488926814723987,
      "n": 1.0,
      "eps": 0.0
    },
    {
      "tag": "H-BAL-PATH-LIN-k3",
      "k": 3,
      "daicc": -23.327291647238553,
      "daicc_vs_cpl": 83.69634175507508,
      "aicc": 1736.6024053836534,
      "chi2": 1730.58942539447,
      "params": [
        0.3303192267383268,
        65.7813517874828,
        3.8570375144153264
      ],
      "boundary": false,
      "verdict": "Q94 DISCOVERY",
      "w0": -1.1713125635927106,
      "wa": 0.20575695227667593,
      "q0": -0.6765406300529369,
      "muR0": 3.8570375144153264,
      "n": 1.0,
      "eps": 0.0
    },
    {
      "tag": "E-DEC-PATH-LIN-k2",
      "k": 2,
      "daicc": -21.38673212486333,
      "daicc_vs_cpl": 85.6369012774503,
      "aicc": 1738.5429649060286,
      "chi2": 1734.5364784195422,
      "params": [
        0.3281193888687266,
        66.09599530884353
      ],
      "boundary": false,
      "verdict": "Q95 VICTORY",
      "w0": -1.042701055832881,
      "wa": -0.1356779878133791,
      "q0": -0.5507986879551245,
      "muR0": 1.0,
      "n": 1.0,
      "eps": 0.0
    },
    {
      "tag": "H-FIC-VOL-LIN-k2",
      "k": 2,
      "daicc": -16.79644723260094,
      "daicc_vs_cpl": 90.2271861697127,
      "aicc": 1743.133249798291,
      "chi2": 1739.1267633118046,
      "params": [
        0.3293114921781967,
        65.89861499852256
      ],
      "boundary": false,
      "verdict": "Q94 DISCOVERY",
      "w0": -1.1528000631420996,
      "wa": 0.14968213506217906,
      "q0": -0.6596885002833874,
      "muR0": 1.0,
      "n": 1.0,
      "eps": 0.0
    },
    {
      "tag": "H-FIC-PATH-LIN-k3",
      "k": 3,
      "daicc": -14.23911382364281,
      "daicc_vs_cpl": 92.78451957867082,
      "aicc": 1745.6905832072491,
      "chi2": 1739.6776032180658,
      "params": [
        0.32881260028776615,
        65.9991814474065,
        1.2833409770396056
      ],
      "boundary": false,
      "verdict": "Q92 GAME",
      "w0": -1.1425979072283066,
      "wa": 0.13671977337584745,
      "q0": -0.6502806697526977,
      "muR0": 1.2833409770396056,
      "n": 1.0,
      "eps": 0.0
    },
    {
      "tag": "H-FIC-PATH-LIN-k2",
      "k": 2,
      "daicc": -13.385069505879983,
      "daicc_vs_cpl": 93.63856389643365,
      "aicc": 1746.544627525012,
      "chi2": 1742.5381410385255,
      "params": [
        0.3263436946573085,
        66.55640199367667
      ],
      "boundary": false,
      "verdict": "Q93 TRIUMPH",
      "w0": -1.086836280801931,
      "wa": 0.0806357282633464,
      "q0": -0.5981703624682704,
      "muR0": 1.0,
      "n": 1.0,
      "eps": 0.0
    },
    {
      "tag": "E-BAL-PATH-LIN-k2",
      "k": 2,
      "daicc": 1.325645134788374,
      "daicc_vs_cpl": 108.34927853710201,
      "aicc": 1761.2553421656803,
      "chi2": 1757.2488556791939,
      "params": [
        0.32355266685324036,
        67.38970330677225
      ],
      "boundary": false,
      "verdict": "K90 KILL",
      "w0": -1.0039372198128904,
      "wa": 0.02557543694225525,
      "q0": -0.5186118647501641,
      "muR0": 1.0,
      "n": 1.0,
      "eps": 0.0
    },
    {
      "tag": "E-FIC-PATH-LIN-k2",
      "k": 2,
      "daicc": 1.8302167635429214,
      "daicc_vs_cpl": 108.85385016585656,
      "aicc": 1761.7599137944349,
      "chi2": 1757.7534273079484,
      "params": [
        0.3234317850845601,
        67.23580616849871
      ],
      "boundary": false,
      "verdict": "K90 KILL",
      "w0": -0.9893815764019481,
      "wa": -0.07151787524030791,
      "q0": -0.5040232474315194,
      "muR0": 1.0,
      "n": 1.0,
      "eps": 0.0
    },
    {
      "tag": "E-BAL-PATH-LIN-k3",
      "k": 3,
      "daicc": 3.244581437054194,
      "daicc_vs_cpl": 110.26821483936783,
      "aicc": 1763.1742784679461,
      "chi2": 1757.1612984787628,
      "params": [
        0.32359716784750825,
        67.2778248758884,
        2.7763921781475633
      ],
      "boundary": false,
      "verdict": "K90 KILL",
      "w0": -0.9946223530713927,
      "wa": -0.04152609184035209,
      "q0": -0.5090946987856055,
      "muR0": 2.7763921781475633,
      "n": 1.0,
      "eps": 0.0
    },
    {
      "tag": "H-BAL-PATH-MIX-k3",
      "k": 3,
      "daicc": 3.538453807074802,
      "daicc_vs_cpl": 110.56208720938844,
      "aicc": 1763.4681508379667,
      "chi2": 1757.4551708487834,
      "params": [
        0.32316005342800697,
        67.3767068346185,
        0.9796317333898937
      ],
      "boundary": true,
      "verdict": "K92 INVALID",
      "w0": -0.9993726859739056,
      "wa": -0.0005115785523190628,
      "q0": -0.514569283694373,
      "muR0": 1.0,
      "n": 1.0,
      "eps": 0.9796317333898937
    },
    {
      "tag": "H-BAL-PATH-POW-k3",
      "k": 3,
      "daicc": 4.106736698650138,
      "daicc_vs_cpl": 111.13037010096377,
      "aicc": 1764.036433729542,
      "chi2": 1758.0234537403587,
      "params": [
        0.3232806608596493,
        67.38854419072132,
        0.10023719401118779
      ],
      "boundary": true,
      "verdict": "K92 INVALID",
      "w0": -0.9968485879742843,
      "wa": -0.0025046963657418867,
      "q0": -0.5118265308343747,
      "muR0": 1.0,
      "n": 0.10023719401118779,
      "eps": 0.0
    },
    {
      "tag": "H-BAL-PATH-LIN-k2",
      "k": 2,