{
  "lcdm": {
    "Om": 0.3265576171875001,
    "chi2": 13.198139723850218,
    "w0": -1.0000000000000095,
    "wa": 9.215175260258119e-14
  },
  "b1": {
    "Om": 0.2998095703125,
    "chi2": 11.751650585439995,
    "w0": -0.9027556128209953,
    "wa": -0.10744346001111141
  },
  "b9_qs": {
    "Om": 0.3265607390476143,
    "beta": 1.0173413564380576e-06,
    "chi2": 13.198154902736905,
    "w0": -1.0000003549790222,
    "wa": -4.857767399833438e-06
  },
  "b15_qs": {
    "Om": 0.39999996386862147,
    "beta": 4.4290446801441275e-06,
    "chi2": 43.73358531024942,
    "w0": -1.227982685874943,
    "wa": -2.244749279602615
  },
  "b9_phenom": {
    "Om": 0.25000048828124993,
    "chi2": 60.34036623441774,
    "w0": -0.6838445888141704,
    "wa": 0.1775343015098336
  },
  "b15_phenom": {
    "Om": 0.39999999999999997,
    "chi2": 19.071759290968224,
    "w0": -1.1075878280639624,
    "wa": -1.4115952537355712
  }
}