{
  "LCDM": {
    "Om": 0.3265587158203126,
    "chi2": 13.1981394598967,
    "w0": -1.000000000000007,
    "wa": 1.194865645983528e-14
  },
  "B1_A01": {
    "Om": 0.2998095703125,
    "chi2": 11.751651476322056,
    "w0": -0.9027556127209093,
    "wa": -0.10744346022122324
  },
  "C1": {
    "Om": 0.35472583007812497,
    "chi2": 14.084007430599566,
    "w0": -0.995540514173316,
    "wa": -0.6094709753613862
  },
  "C2": {
    "Om": 0.35038619241784796,
    "w_sq": -0.15957570029771273,
    "chi2": 13.824194932572038,
    "w0": -0.9867971320936145,
    "wa": -0.5532319303142731
  },
  "C6": {
    "Om": 0.35038619244611935,
    "eta_r": -0.4849420647976961,
    "chi2": 13.824194932572077,
    "w0": -0.9867971321009247,
    "wa": -0.5532319303178567
  },
  "C9": {
    "Om": 0.31184375,
    "chi2": 13.542713881320282,
    "w0": -1.0508317764739383,
    "wa": 0.4829447415180036
  },
  "C14": {
    "Om": 0.27599218749999993,
    "chi2": 11.276814830220637,
    "w0": -0.825250869098678,
    "wa": -0.20495892025369566
  }
}