{
  "LCDM": {
    "Om": 0.3265587158203126,
    "chi2": 13.1981394598967,
    "w0": -1.000000000000007,
    "wa": 1.194865645983528e-14
  },
  "B1_A01": {
    "Om": 0.2998095703125,
    "chi2": 11.751651476322056,
    "w0": -0.9027556127209093,
    "wa": -0.10744346022122324
  },
  "C1_ref": {
    "Om": 0.35472583007812497,
    "chi2": 14.084007430599566,
    "w0": -0.995540514173316,
    "wa": -0.6094709753613862
  },
  "C14_ref": {
    "Om": 0.28000048828124985,
    "chi2": 11.467979349094362,
    "w0": -0.8228510007458912,
    "wa": -0.20811613570369777
  },
  "C21": {
    "Om": 0.35472500912435156,
    "A": -1.8445322409914224,
    "chi2": 14.084007424604161,
    "w0": -0.9955403481917743,
    "wa": -0.6094706634807106
  },
  "C45": {
    "Om": 0.35038619657539705,
    "A": -0.07297835133794668,
    "chi2": 13.824194932572238,
    "w0": -0.98679713276064,
    "wa": -0.5532319318872543
  },
  "C53": {
    "Om": 0.3503861927640949,
    "A": -4.636707749680874,
    "chi2": 13.824194932572262,
    "w0": -0.9867971321425246,
    "wa": -0.5532319304622678
  },
  "C59": {
    "Om": 0.3503861927629431,
    "A": -0.06684027063652842,
    "chi2": 13.824194932572041,
    "w0": -0.9867971321616735,
    "wa": -0.5532319304124911
  },
  "Master": {
    "Om": 0.3503861902151969,
    "A": -0.8060738078782519,
    "B": 0.0175570189620413,
    "chi2": 13.824194932572397,
    "w0": -0.9867971317514094,
    "wa": -0.5532319294523422
  }
}