{
  "LCDM": {
    "Om": 0.3265587158203126,
    "chi2": 13.1981394598967,
    "w0": -1.000000000000007,
    "wa": 1.194865645983528e-14
  },
  "A01": {
    "Om": 0.2998095703125,
    "chi2": 11.751651476322056,
    "w0": -0.9027556127209093,
    "wa": -0.10744346022122324
  },
  "C14": {
    "Om": 0.28000048828124985,
    "chi2": 11.467979349094362,
    "w0": -0.8228510007458912,
    "wa": -0.20811613570369777
  },
  "D1": {
    "Om": 0.28000000000007574,
    "A": 0.2964175879354072,
    "B": 4.052231789449664,
    "chi2": 10.983625129380801,
    "w0": -0.8009799002708412,
    "wa": -0.3014398152200456
  },
  "D2": {
    "Om": 0.2800000000020248,
    "A": 1.8379843240293092,
    "chi2": 11.297335678974648,
    "w0": -0.8364831669759929,
    "wa": -0.19028465655349708
  },
  "D3": {
    "Om": 0.28,
    "A": 26008.17712346815,
    "B": 1.6462244973558677e-05,
    "chi2": 11.293628446242623,
    "w0": -0.8562736183536793,
    "wa": -0.06755089176582389
  },
  "P1": {
    "Om": 0.32655818974971773,
    "f": -0.40450577139854427,
    "chi2": 13.198139457322775,
    "w0": -1.0000000000000757,
    "wa": 3.295305382053892e-13
  },
  "P2": {
    "Om": 0.3519127941410821,
    "nu": -0.1524778692509724,
    "chi2": 12.023420475902295,
    "w0": -0.95,
    "wa": -0.2
  },
  "P3": {
    "Om": 0.2962287334480821,
    "kap": 2.41933059796653,
    "chi2": 11.862530804762082,
    "w0": -0.8845179628739509,
    "wa": -0.2390273010981284
  },
  "E1": {
    "Om": 0.2933780273235031,
    "xi": 0.12652256195214268,
    "chi2": 11.972472377818846,
    "w0": -0.9865610623037241,
    "wa": 0.10572790725636394
  },
  "E2": {
    "Om": 0.2800000000263498,
    "phi": 0.6229934139727458,
    "chi2": 11.167583519683681,
    "w0": -0.833720272304135,
    "wa": -0.15665253120531875
  },
  "E3": {
    "Om": 0.2800000000111771,
    "zeta": 0.5228364077613887,
    "chi2": 11.712041445726069,
    "w0": -0.9195534526245138,
    "wa": 0.2621337928975814
  },
  "R1": {
    "Om": 0.2800000000150995,
    "g": 0.44832794064354775,
    "chi2": 11.167782921871593,
    "w0": -0.8337784618193862,
    "wa": -0.15633955436680744
  },
  "R2": {
    "Om": 0.2800000005308156,
    "lam": 0.17727175190816968,
    "chi2": 12.392206847425266,
    "w0": -0.9728019102685052,
    "wa": 0.5334383043452524
  },
  "R3": {
    "Om": 0.2800000000150995,
    "g": 0.44832794064354775,
    "chi2": 11.167782921871593,
    "w0": -0.8337784618193862,
    "wa": -0.15633955436680744
  },
  "L1": {
    "Om": 0.28000000005391285,
    "f": 0.24994333805267804,
    "chi2": 12.049521460648007,
    "w0": -0.9525544806125323,
    "wa": 0.42039082464739447
  },
  "L2": {
    "Om": 0.32655818974971773,
    "f": -0.40450577139854427,
    "chi2": 13.198139457322775,
    "w0": -1.0000000000000757,
    "wa": 3.295305382053892e-13
  },
  "L3": {
    "Om": 0.28000000016041854,
    "rho": 0.39438233609882367,
    "chi2": 11.340013814687646,
    "w0": -0.8685392211062029,
    "wa": -2.803955038204414e-10
  },
  "I1": {
    "Om": 0.32655818974971773,
    "beta": -0.40450577139854427,
    "chi2": 13.198139457322775,
    "w0": -1.0000000000000757,
    "wa": 3.295305382053892e-13
  },
  "I2": {
    "Om": 0.28000000070221565,
    "xi": 0.24086597629889916,
    "chi2": 12.134602470278253,
    "w0": -0.9535045808149353,
    "wa": 0.4366415810940349
  },
  "I3": {
    "Om": 0.290586743716587,
    "phi": 0.17269092410017622,
    "chi2": 12.739415929502561,
    "w0": -1.0102303101223087,
    "wa": 0.5506575215259617
  },
  "G1": {
    "Om": 0.32655818974971773,
    "eta": -0.40450577139854427,
    "chi2": 13.198139457322775,
    "w0": -1.0000000000000757,
    "wa": 3.295305382053892e-13
  },
  "G2": {
    "Om": 0.32655818974971773,
    "delta": -0.40450577139854427,
    "chi2": 13.198139457322775,
    "w0": -1.0000000000000757,
    "wa": 3.295305382053892e-13
  },
  "G3": {
    "Om": 0.35999999996517296,
    "OH": 1.6533052707873064,
    "chi2": 17.558475181403463,
    "w0": 0.05169212765735677,
    "wa": -9.999999999999998
  },
  "CA1": {
    "Om": 0.2800000000000837,
    "A": 2.186238549352657,
    "chi2": 11.50490262910194,
    "w0": -0.8697065680578591,
    "wa": 0.07590276931826098
  },
  "CA2": {
    "Om": 0.33700435401416734,
    "mu": 0.6051699277765477,
    "chi2": 12.95385651650434,
    "w0": -0.727874005374299,
    "wa": -1.8404956003070136
  },
  "CA3": {
    "Om": 0.35999999996517296,
    "OH": 1.6533052707873064,
    "chi2": 17.558475181403463,
    "w0": 0.05169212765735677,
    "wa": -9.999999999999998
  },
  "V1": {
    "Om": 0.2800000009475394,
    "psi": 0.036964403445617716,
    "chi2": 11.898070782921259,
    "w0": -0.9323100286444351,
    "wa": 0.3335833470228574
  },
  "V2": {
    "Om": 0.29491304255120976,
    "nu": 0.152046564125364,
    "chi2": 12.782775343132919,
    "w0": -1.012012862822554,
    "wa": 0.5061398687522769
  },
  "V3": {
    "Om": 0.31729537600340546,
    "zeta": 0.0477995724392693,
    "chi2": 13.024630323992845,
    "w0": -1.0078363862349675,
    "wa": 0.1788017393738977
  },
  "T1": {
    "Om": 0.28000000018060733,
    "kappa": 0.30567784280968724,
    "chi2": 11.867443100772277,
    "w0": -0.9284154655205723,
    "wa": 0.3168676528493408
  },
  "T2": {
    "Om": 0.28000048828124985,
    "chi2": 22.985234838994202,
    "w0": -0.882908195510792,
    "wa": 0.5183030377863683
  },
  "T3": {
    "Om": 0.28000000005855136,
    "nu": 0.3846538609482628,
    "chi2": 11.559927693424228,
    "w0": -0.8942849799633109,
    "wa": 0.1599293371225634
  }
}