{
  "IN1-InstGas": {
    "chi2": 11.167992799614996,
    "w0": -0.8339050657263499,
    "wa": -0.15541634705476426,
    "p": [
      0.2800000000000086,
      45.1845127725366,
      0.0008642535108092334
    ]
  },
  "IN2-PathInt": {
    "chi2": 10.865342414928799,
    "w0": -0.7317929834396542,
    "wa": -0.6067484587451631,
    "p": [
      0.2800000000000322,
      0.8829421809305613,
      0.4552850488255008
    ]
  },
  "IN3-WKBboun": {
    "chi2": 9.866087159693517,
    "w0": -0.95,
    "wa": -0.2,
    "p": [
      0.35713409155591214,
      -4.12230726328191e-09,
      30.017238797133395
    ]
  },
  "CF1-CFTanom": {
    "chi2": 13.181368511552026,
    "w0": -1.0071063921268701,
    "wa": 0.12913004962844227,
    "p": [
      0.32118965141638617,
      -0.1228399933233818
    ]
  },
  "CF2-CFTmix": {
    "chi2": 11.293647481214155,
    "w0": -0.8562775353327071,
    "wa": -0.06753428653607552,
    "p": [
      0.2800006428489352,
      3662.6799086240662,
      0.00011689278626883477
    ]
  },
  "CF3-Zamolo": {
    "chi2": 11.789328017293974,
    "w0": -0.9653802846615999,
    "wa": 0.18857065912505,
    "p": [
      0.2810722545600016,
      0.2626046679927305,
      0.5353977471731415
    ]
  },
  "LC1-OTOC": {
    "chi2": 10.551512407664674,
    "w0": -0.7750849784538036,
    "wa": -0.3715605749042247,
    "p": [
      0.28000000000000036,
      0.29791138763658936,
      4.5835793492787635
    ]
  },
  "LC2-Rindler": {
    "chi2": 11.819232168848119,
    "w0": -0.95,
    "wa": -0.2,
    "p": [
      0.3507640418314607,
      -112.00642929484562,
      0.09989771082486806
    ]
  },
  "LC3-SYK": {
    "chi2": 11.560227520642377,
    "w0": -0.8943162127409342,
    "wa": 0.160003099112713,
    "p": [
      0.2800063686651334,
      2068.608126388247,
      0.0003299858601679409
    ]
  },
  "LV1-LevyCDF": {
    "chi2": 14.20303442181223,
    "w0": -1.0477156881207608,
    "wa": -0.011797511385726371,
    "p": [
      0.34162635841944156,
      0.06805710879995691
    ]
  },
  "LV2-FracDiff": {
    "chi2": 11.295981335360993,
    "w0": -0.8570947911521377,
    "wa": -0.06284605611507792,
    "p": [
      0.28000000000004777,
      14.186963360448757,
      0.009992735877873204
    ]
  },
  "LV3-StrExp": {
    "chi2": 13.198139457323638,
    "w0": -1.000000000000044,
    "wa": 8.317737806117346e-14,
    "p": [
      0.32655819030565336,
      -0.3514548311057447,
      0.04685334865628617
    ]
  },
  "DP1-DPorder": {
    "chi2": 11.170224153823659,
    "w0": -0.8381014321121798,
    "wa": -0.11459821159916936,
    "p": [
      0.28000000000056524,
      0.8047406638750476,
      0.07319504185708331
    ]
  },
  "DP2-Contact": {
    "chi2": 11.277637658487361,
    "w0": -0.8457528000371393,
    "wa": -0.12995828311550403,
    "p": [
      0.28000000000000774,
      1.046847320459816,
      0.44544790964180336
    ]
  },
  "DP3-Reggeon": {
    "chi2": 11.11031371903241,
    "w0": -0.8091857066202498,
    "wa": -0.28771095916550415,
    "p": [
      0.28000000000002356,
      0.9825437169260223,
      1.8032664318263918
    ]
  },
  "CG1-LogNorm": {
    "chi2": 12.87518828429129,
    "w0": -0.8676662693493405,
    "wa": -0.9234709240590344,
    "p": [
      0.3417263427618654,
      0.6416714509046957
    ]
  },
  "CG2-BKTvort": {
    "chi2": 11.29597203671472,
    "w0": -0.8593432122348305,
    "wa": -0.015742286655683755,
    "p": [
      0.28000000000000597,
      76.02665747365423,
      0.01002982935953956
    ]
  },
  "CG3-Debye": {
    "chi2": 12.783400562109025,
    "w0": -1.0120558178376267,
    "wa": 0.5058926536206372,
    "p": [
      0.29494793765597993,
      -0.34314741061029086
    ]
  },
  "BR1-RStens": {
    "chi2": 11.783030974864626,
    "w0": -0.922545637468304,
    "wa": 0.28762607532704165,
    "p": [
      0.2800000000164863,
      0.3774919116929773
    ]
  },
  "BR2-DGP": {
    "chi2": 13.198139457322767,
    "w0": -0.9999999999999944,
    "wa": 1.424989518504245e-14,
    "p": [
      0.3265581870037704,
      -13.168478780290773
    ]
  },
  "BR3-GaussBon": {
    "chi2": 11.167740408728223,
    "w0": -0.8337541516112612,
    "wa": -0.15642429619582698,
    "p": [
      0.28000000000000036,
      -10981113269.523624,
      24498380121.54167
    ]
  },
  "CS1-CausalV": {
    "chi2": 11.28038154107669,
    "w0": -0.8562909908844003,
    "wa": -0.05530040662201564,
    "p": [
      0.2800000000000542,
      0.7775134895947389,
      1.0002940689860575
    ]
  },
  "CS2-DiamEnt": {
    "chi2": 10.691055802480587,
    "w0": -0.7828761557667141,
    "wa": -0.35430217480566906,
    "p": [
      0.2800000000000079,
      0.29191952176101177,
      6.561613247856554
    ]
  },
  "CS3-Poisson": {
    "chi2": 11.00731897506602,
    "w0": -0.8138738767560274,
    "wa": -0.23766781825617875,
    "p": [
      0.280000000000003,
      0.23199393767127766,
      1.138763721813505
    ]
  },
  "VD1-CdL": {
    "chi2": 11.822874604374661,
    "w0": -0.95,
    "wa": -0.2,
    "p": [
      0.3508489206255696,
      56.30406886288969,
      0.009849583236180572
    ]
  },
  "VD2-HawkMos": {
    "chi2": 11.19172645714198,
    "w0": -0.8406111644218188,
    "wa": -0.11026587333128193,
    "p": [
      0.28000000000000336,
      41.625290724148,
      0.00422316312753285
    ]
  },
  "VD3-ThinWal": {
    "chi2": 11.164336780362035,
    "w0": -0.8315867383900896,
    "wa": -0.1716863575625253,
    "p": [
      0.2800000000000078,
      0.13169528867165636,
      0.5247217961252086,
      4.31709351022512
    ]
  },
  "LQ1-LQChol": {
    "chi2": 10.696820503730299,
    "w0": -0.6264186186600513,
    "wa": -1.038653107628719,
    "p": [
      0.2800000000081939,
      0.40359074209620893,
      0.986398586199275
    ]
  },
  "LQ2-SpinFoam": {
    "chi2": 11.81743107010379,
    "w0": -0.95,
    "wa": -0.2,
    "p": [
      0.3508019102994513,
      -11208.389088025078,
      -57334.60260855709
    ]
  },
  "LQ3-Polymer": {
    "chi2": 11.138655317895834,
    "w0": -0.8080841536401999,
    "wa": -0.2096718801515953,
    "p": [
      0.2800000000026408,
      -0.38637859537310587,
      5.493991767220298
    ]
  }
}