{
  "JJ1-JosephE": {
    "chi2": 9.975136716430006,
    "w0": -0.9024082972012536,
    "wa": -0.039468199844619904,
    "p": [
      0.2800000000000581,
      0.1736479423733529,
      1.677287916728107
    ]
  },
  "JJ2-JosephAC": {
    "chi2": 10.696820503624284,
    "w0": -0.6264178965132435,
    "wa": -1.0386562629431864,
    "p": [
      0.28000000000021386,
      0.4035909124982723,
      0.6151670182219412
    ]
  },
  "JJ3-JosephPR": {
    "chi2": 9.102236506596395,
    "w0": -0.7547128208477064,
    "wa": -0.5668357746121107,
    "p": [
      0.2800000000000672,
      0.18565943080224423,
      3.3774660131431817
    ]
  },
  "RM1-Wigner": {
    "chi2": 10.15941045521598,
    "w0": -0.7369235630812616,
    "wa": -0.40129099775791677,
    "p": [
      0.28000000000450087,
      -0.3724307600458452,
      0.2973621904347886
    ]
  },
  "RM2-MarchPas": {
    "chi2": 12.317550870088523,
    "w0": -0.9749419512711381,
    "wa": -0.0912390185538403,
    "p": [
      0.3089883413855326,
      0.067947615716617,
      2.2360735537432097
    ]
  },
  "RM3-GUElevl": {
    "chi2": 9.654412109597086,
    "w0": -0.666989467086438,
    "wa": -0.955205986167628,
    "p": [
      0.28000000000000413,
      5.210034147841814,
      5.693293521665936
    ]
  },
  "KP1-KPZ13": {
    "chi2": 11.330476640712986,
    "w0": -0.8662997753562243,
    "wa": -0.011348241586555742,
    "p": [
      0.28000000000038416,
      1.2000770738172224
    ]
  },
  "KP2-EW14": {
    "chi2": 11.318957486579151,
    "w0": -0.8636041390561954,
    "wa": -0.026220627258644318,
    "p": [
      0.2800000000013207,
      1.6280898064554417
    ]
  },
  "KP3-KPZsat": {
    "chi2": 11.309706261663878,
    "w0": -0.861260834838731,
    "wa": -0.03825914310714243,
    "p": [
      0.2800000000002758,
      4.68560796986114,
      0.3891309638048909
    ]
  },
  "FP1-OU": {
    "chi2": 11.099770443193785,
    "w0": -0.8153086497574841,
    "wa": -0.24895942622338413,
    "p": [
      0.28000000000002456,
      0.31874075199667556,
      2.8916191543096676
    ]
  },
  "FP2-DblWell": {
    "chi2": 11.0073189750737,
    "w0": -0.813873903402013,
    "wa": -0.23766817959650977,
    "p": [
      0.28000000000016545,
      0.2319934888214919,
      1.1387664969301245
    ]
  },
  "FP3-Kramers": {
    "chi2": 12.143296565168882,
    "w0": -0.9541927545040704,
    "wa": 0.43993255461210734,
    "p": [
      0.28000000000003,
      0.5772772204669878,
      -5.431152382817819
    ]
  },
  "CT1-CSsin2": {
    "chi2": 10.607663206551463,
    "w0": -0.5299589367443992,
    "wa": -1.4198933377854501,
    "p": [
      0.2800000000033511,
      0.9087209887177675,
      0.985599877110735
    ]
  },
  "CT2-BerryPh": {
    "chi2": 10.69682050362423,
    "w0": -0.6264177915357002,
    "wa": -1.0386565369975704,
    "p": [
      0.28000000000027314,
      0.2017955249634662,
      1.972798907151161
    ]
  },
  "CT3-WindNum": {
    "chi2": 10.55660490826558,
    "w0": -0.5047389636374008,
    "wa": -1.5415627600781345,
    "p": [
      0.2800000000013575,
      0.27886427942427594,
      1.3991667207583909
    ]
  },
  "QF1-FisherS": {
    "chi2": 11.165827432830204,
    "w0": -0.8317282731223015,
    "wa": -0.17142783927909971,
    "p": [
      0.28000000000002323,
      0.46194328661419737,
      1.0810394655431712
    ]
  },
  "QF2-CRbound": {
    "chi2": 11.161518215885684,
    "w0": -0.8293587004769529,
    "wa": -0.1863555541246288,
    "p": [
      0.28000000000000014,
      0.405200778358062,
      1.1621249390764143
    ]
  },
  "QF3-FisherL": {
    "chi2": 11.26423732502896,
    "w0": -0.8510897870820888,
    "wa": -0.088809101178695,
    "p": [
      0.28000000000001,
      0.18998067617617326,
      5.19935783679388
    ]
  },
  "GD1-RTcos": {
    "chi2": 8.963121406942435,
    "w0": -0.8104072812687052,
    "wa": -0.35038980416728277,
    "p": [
      0.28000000000000347,
      0.19252406663608257,
      9.074110748402404
    ]
  },
  "GD2-EWsat": {
    "chi2": 11.405365673317062,
    "w0": -0.95,
    "wa": -0.2,
    "p": [
      0.3483330982323222,
      -54.65412219576621,
      -303.43848188230083
    ]
  },
  "GD3-HoloC": {
    "chi2": 11.529942208114697,
    "w0": -0.892020433611028,
    "wa": 0.048892849950012356,
    "p": [
      0.28000000000252967,
      0.34386105996238636,
      0.4973857548493462
    ]
  },
  "AN1-ChiAno": {
    "chi2": 10.747997630762507,
    "w0": -0.6705660897753379,
    "wa": -0.8551651285855897,
    "p": [
      0.28000000000002606,
      0.1349696462542793,
      2.105214735371689
    ]
  },
  "AN2-BerryC": {
    "chi2": 10.921717483410058,
    "w0": -0.7456151684664949,
    "wa": -0.5538556593045215,
    "p": [
      0.28000000000000125,
      0.1288400181319943,
      3.7858077742647804
    ]
  },
  "AN3-WZW": {
    "chi2": 10.679647269230177,
    "w0": -0.6610501507644574,
    "wa": -0.8968894262667297,
    "p": [
      0.28000000000001957,
      0.13584382255248997,
      4.1209466043963
    ]
  },
  "EE1-CosInt": {
    "chi2": 8.963121406942435,
    "w0": -0.8104072812687052,
    "wa": -0.35038980416728277,
    "p": [
      0.28000000000000347,
      0.19252406663608257,
      9.074110748402404
    ]
  },
  "EE2-CosLog": {
    "chi2": 9.865534818143132,
    "w0": -0.7384156777493567,
    "wa": -0.6875953552812532,
    "p": [
      0.2800000000000088,
      0.16029371143278692,
      8.821371613030518
    ]
  },
  "EE3-CosCbrt": {
    "chi2": 10.939677095042635,
    "w0": -0.7269281393156185,
    "wa": -0.6385041038780571,
    "p": [
      0.2800000000002629,
      0.261827348111325,
      2.210981923217197
    ]
  },
  "SF1-SFcos23": {
    "chi2": 10.714422156152523,
    "w0": -0.6103722914938904,
    "wa": -1.10554202105669,
    "p": [
      0.2800000000006926,
      0.7798110978899426,
      2.2979072079278473
    ]
  },
  "SF2-VortNuc": {
    "chi2": 11.601957996826183,
    "w0": -0.8841976288590251,
    "wa": -0.06306590767217359,
    "p": [
      0.2815241084507613,
      27.919368513885843,
      0.009999758394222841
    ]
  },
  "SF3-SFsqrtE": {
    "chi2": 11.80074387299159,
    "w0": -0.9209164820797159,
    "wa": 0.28658897674787676,
    "p": [
      0.28000000000066627,
      1.2564094086361077
    ]
  }
}