{
  "LG3-LGGauss": {
    "chi2": 12.276776875046101,
    "w0": -0.5069601958846238,
    "wa": -2.5920566181097486,
    "p": [
      0.3459786683095527,
      0.5205543635824033
    ]
  },
  "HB1-N3cubic": {
    "chi2": 10.49228778054621,
    "w0": -0.6589777962794314,
    "wa": -0.9769771193316581,
    "p": [
      0.28000000000001085,
      0.7668035903170943,
      2.675229093391402
    ]
  },
  "HB2-ST1quad": {
    "chi2": 10.937671849253247,
    "w0": -0.725257817705018,
    "wa": -0.6459314483110591,
    "p": [
      0.2800000000016127,
      0.1892412666933896,
      0.6698137473037933
    ]
  },
  "HB3-Q3high": {
    "chi2": 10.369932293175598,
    "w0": -0.6723988370313352,
    "wa": -0.845612062505439,
    "p": [
      0.280000000000009,
      3.3233123160712865,
      1.5872807504695532
    ]
  }
}