{
  "LCDM": {
    "Om": 0.3265587158203126,
    "chi2": 13.1981394598967,
    "w0": -1.000000000000007,
    "wa": 1.194865645983528e-14
  },
  "D1_ref": {
    "Om": 0.28000000000002756,
    "chi2": 10.983625129383748,
    "w0": -0.8009798558101537,
    "wa": -0.30143962671535224
  },
  "B1": {
    "Om": 0.28000000000182734,
    "A": -0.5956450668072033,
    "B": 0.8224120082350066,
    "chi2": 11.194014731192365,
    "w0": -0.8284322196879783,
    "wa": -0.20131151983553497
  },
  "B2": {
    "Om": 0.28000000607717657,
    "A": 0.10522753037135657,
    "chi2": 12.730805987472486,
    "w0": -1.0013326464660859,
    "wa": 0.6569701746505862
  },
  "B3": {
    "Om": 0.326559267610007,
    "A": 1.913795142283342e-06,
    "chi2": 13.198139458985349,
    "w0": -0.9999945337281648,
    "wa": -4.518799016469607e-05
  },
  "Q1": {
    "Om": 0.28000000034873096,
    "A": -0.18082171888191978,
    "chi2": 12.11435503086921,
    "w0": -0.9639983616826092,
    "wa": 0.4573013623777836
  },
  "Q2": {
    "Om": 0.28000000000000524,
    "A": 3.632784677200958,
    "C": 0.3605456572127739,
    "chi2": 11.276170347961518,
    "w0": -0.8474499063266895,
    "wa": -0.11869954283945973
  },
  "Q3": {
    "Om": 0.28000000000094044,
    "A": 1.580055190359738,
    "B": 1.8367147206869103,
    "chi2": 10.725736743569682,
    "w0": -0.7204863806694025,
    "wa": -0.6508435892357073
  },
  "S1": {
    "Om": 0.28000000000555164,
    "A": 0.5584485626299706,
    "chi2": 11.394191656600622,
    "w0": -0.8784401674832064,
    "wa": 0.053969657511629986
  },
  "S2": {
    "Om": 0.2800000000000096,
    "A": 0.32621258540311826,
    "B": 118.20590329820224,
    "chi2": 11.293555039605112,
    "w0": -0.856649597903105,
    "wa": -0.06471103084816178
  },
  "S3": {
    "Om": 0.2800000000000026,
    "A": 75.41962933510646,
    "B": -42.824457982615,
    "chi2": 11.167787082368646,
    "w0": -0.8337798684802903,
    "wa": -0.15633096240994418
  },
  "EP1": {
    "Om": 0.3265574545112339,
    "A": -2.2970637053059046e-06,
    "chi2": 13.198139458183057,
    "w0": -1.0000031819831687,
    "wa": 2.630418969241713e-05
  },
  "EP2": {
    "Om": 0.3234280054084815,
    "A": -0.006007807093747031,
    "chi2": 13.103547618309754,
    "w0": -1.0087785399965576,
    "wa": 0.07056484382365723
  },
  "EP3": {
    "Om": 0.2800000000002082,
    "A": -0.34472254462377516,
    "B": 1.038687605569182,
    "chi2": 11.028605462528814,
    "w0": -0.8044719303509722,
    "wa": -0.28976823050329403
  },
  "PL1": {
    "Om": 0.2948252523075288,
    "A": 0.6231424206487814,
    "chi2": 11.774838737439438,
    "w0": -0.8773486624543716,
    "wa": -0.24723733842685736
  },
  "PL2": {
    "Om": 0.2800000000392382,
    "nu": -0.3056795622080378,
    "chi2": 11.867443099258209,
    "w0": -0.9284150629343352,
    "wa": 0.3168694352507025
  },
  "PL3": {
    "Om": 0.28000000000264086,
    "A": -0.8117109380587912,
    "chi2": 11.348047014775382,
    "w0": -0.8669576937625066,
    "wa": 0.024272984298026906
  },
  "N1": {
    "Om": 0.2800000000197316,
    "A": -0.5739921885017845,
    "chi2": 11.190397152183527,
    "w0": -0.8403423534558061,
    "wa": -0.1118764795961036
  },
  "N2": {
    "Om": 0.28000000000576997,
    "A": -0.5737089783162972,
    "chi2": 11.190771580862,
    "w0": -0.8404212322289818,
    "wa": -0.11147499003974395
  },
  "N3": {
    "Om": 0.28000000000001757,
    "A": 0.7920536707470784,
    "B": 1.6687967295198094,
    "chi2": 10.658654762705567,
    "w0": -0.6727471038656705,
    "wa": -0.8707715850697164
  },
  "H1": {
    "Om": 0.2800000000392382,
    "nu": -0.3056795622080378,
    "chi2": 11.867443099258193,
    "w0": -0.9284150629354678,
    "wa": 0.3168694352535143
  },
  "H2": {
    "Om": 0.2804074069665137,
    "A": 0.82945009525244,
    "B": 20.721708911228777,
    "chi2": 10.799512631256196,
    "w0": -0.6457523766880322,
    "wa": -1.0003909276218192
  },
  "H3": {
    "Om": 0.32655827473255494,
    "A": 9.380660093907945e-07,
    "chi2": 13.198139457416746,
    "w0": -0.9999993502984071,
    "wa": -5.370907320679381e-06
  },
  "QE1": {
    "Om": 0.32655806074891025,
    "A": -1.0841354378485754e-07,
    "chi2": 13.198139457420897,
    "w0": -1.000000101120683,
    "wa": 8.359332265723765e-07
  },
  "QE2": {
    "Om": 0.28000000000003544,
    "A": 0.456201134122206,
    "B": -0.7432874713087375,
    "chi2": 10.927567433176204,
    "w0": -0.7959794148026912,
    "wa": -0.32008884230738543
  },
  "QE3": {
    "Om": 0.28000000000049075,
    "A": -0.4074742001324786,
    "B": 1.6092070245377221,
    "chi2": 11.000694765886946,
    "w0": -0.8016789213594623,
    "wa": -0.2994208154828366
  },
  "TN1": {
    "Om": 0.2800000000018523,
    "A": 0.6827447107223246,
    "chi2": 11.55993984033949,
    "w0": -0.8942864758392121,
    "wa": 0.15993592468638146
  },
  "TN2": {
    "Om": 0.32655847450360365,
    "A": 6.862652970602722e-07,
    "chi2": 13.198139457436785,
    "w0": -0.999999049386056,
    "wa": -7.858459261004525e-06
  },
  "TN3": {
    "Om": 0.2800000000406326,
    "A": -0.611132782587935,
    "chi2": 11.867466827939348,
    "w0": -0.9284173733388189,
    "wa": 0.3168772209386843
  },
  "W1": {
    "Om": 0.28000000000224556,
    "A": 3.36450719889624,
    "chi2": 11.277851253803076,
    "w0": -0.8446665300585202,
    "wa": -0.1366930009208032
  },
  "W2": {
    "Om": 0.2800000000028783,
    "A": -0.447782895296869,
    "B": 0.4039837549965054,
    "chi2": 11.028605462589214,
    "w0": -0.8044717474708564,
    "wa": -0.2897679477522935
  },
  "W3": {
    "Om": 0.3130384871569111,
    "A": -0.1167510021448834,
    "chi2": 12.799855631047814,
    "w0": -0.9950051371314507,
    "wa": 0.17630155478681078
  }
}