{
  "F1-Soliton": {
    "chi2": 3.9978143915767306,
    "w0": -0.7034563642086662,
    "wa": -0.8514624952132873,
    "p": [
      0.28,
      28.155815303388778,
      86.32803307335149,
      0.37113175161361434
    ]
  },
  "F2-Kink": {
    "chi2": 10.308510987483686,
    "w0": -0.7618364556139116,
    "wa": -0.3967566703593644,
    "p": [
      0.2800000000000007,
      0.1605252756064705,
      4.291142236954494,
      0.7266947026600394
    ]
  },
  "F3-KinkAK": {
    "chi2": 10.710114664057471,
    "w0": -0.704381334086764,
    "wa": -0.7327906531316627,
    "p": [
      0.28000000000000225,
      0.794397702319539,
      1.8723695274710956
    ]
  },
  "X1-RGanom": {
    "chi2": 13.181368511552026,
    "w0": -1.0071063921268701,
    "wa": 0.12913004962844227,
    "p": [
      0.32118965141638617,
      -0.1228399933233818
    ]
  },
  "X2-RGlog2": {
    "chi2": 12.966125543466557,
    "w0": -0.9651965527846545,
    "wa": 0.5561240651039516,
    "p": [
      0.28000000000332914,
      1.0289848517300222
    ]
  },
  "X3-RGsat": {
    "chi2": 10.73894265449405,
    "w0": -0.785810177461524,
    "wa": -0.34463692624717357,
    "p": [
      0.2800000000000091,
      0.2937422839261611,
      7.4969194855375
    ]
  },
  "Y1-EntProd": {
    "chi2": 10.983625129379394,
    "w0": -0.80097989604251,
    "wa": -0.3014396369399116,
    "p": [
      0.280000000000002,
      0.29641782567578434,
      4.052227012151246
    ]
  },
  "Y2-Onsager": {
    "chi2": 11.560809110678887,
    "w0": -0.8943947097124171,
    "wa": 0.16043212906484994,
    "p": [
      0.28000000000000136,
      228.06545100070713,
      0.002154307729954132
    ]
  },
  "Y3-NESS": {
    "chi2": 11.205419929125684,
    "w0": -0.8280630862654345,
    "wa": -0.21140029510639433,
    "p": [
      0.28000000000044356,
      0.7849900991092529
    ]
  },
  "SG1-EA": {
    "chi2": 11.168844607011794,
    "w0": -0.8343484782542906,
    "wa": -0.15235680183143904,
    "p": [
      0.28000000000001135,
      -11.48363725318127,
      0.04031898114602227
    ]
  },
  "SG2-RSB": {
    "chi2": 10.988036840814173,
    "w0": -0.7733179538224565,
    "wa": -0.4398034283956885,
    "p": [
      0.28026779989521095,
      3.088964854467272,
      1.3241245611216197,
      0.30067773311430446
    ]
  },
  "SG3-Kohl": {
    "chi2": 13.198139457323615,
    "w0": -0.9999999999999536,
    "wa": -7.809159805197495e-15,
    "p": [
      0.32655818880152954,
      -0.2663668006486437,
      0.10428789481950948
    ]
  },
  "FR1-Anom": {
    "chi2": 11.340013811746,
    "w0": -0.8685390332810513,
    "wa": -2.8051470852787823e-10,
    "p": [
      0.28000000001572484,
      -0.3943828995741453,
      -0.18646661876593457
    ]
  },
  "FR2-Multi": {
    "chi2": 9.798162397031252,
    "w0": -0.95,
    "wa": -0.2,
    "p": [
      0.35845375192766515,
      -8.121588701675409e+36,
      112.12150369621304
    ]
  },
  "FR3-HausL": {
    "chi2": 11.289766585005408,
    "w0": -0.8584180836736125,
    "wa": -0.04752256945287621,
    "p": [
      0.28000000000005393,
      0.44926249075512126,
      1.044571420689286
    ]
  },
  "MF1-FracPow": {
    "chi2": 11.167628389863717,
    "w0": -0.834258276058518,
    "wa": -0.15225611639820408,
    "p": [
      0.28000000000000036,
      0.6211188357174864,
      1.0321550903986831
    ]
  },
  "MF2-CompFr": {
    "chi2": 11.867443098481964,
    "w0": -0.9284153114475192,
    "wa": 0.3168683352194457,
    "p": [
      0.28000000001982467,
      0.3056785010296189
    ]
  },
  "MF3-Sigmoid": {
    "chi2": 11.157290811503156,
    "w0": -0.8277469438532726,
    "wa": -0.19638074227580585,
    "p": [
      0.2800000000000148,
      1.846321956178378,
      1.490390249006194
    ]
  },
  "CD1-CDTosc": {
    "chi2": 10.69682050363772,
    "w0": -0.6264184470422838,
    "wa": -1.0386530593075638,
    "p": [
      0.28000000000095876,
      0.4035912636289555,
      0.6151662193712962
    ]
  },
  "CD2-CDTrat": {
    "chi2": 11.165856123855217,
    "w0": -0.8317322834438393,
    "wa": -0.17141378565709692,
    "p": [
      0.28000000000001424,
      0.4772202408779085,
      1.116683898253644
    ]
  },
  "CD3-CDTbol": {
    "chi2": 10.38682541834915,
    "w0": -0.7649809844042454,
    "wa": -0.40398530601384647,
    "p": [
      0.28000000000000724,
      0.2936250388993927,
      0.40640346334135663,
      5.3396360290614755
    ]
  },
  "ST1-Winding": {
    "chi2": 10.638285907060483,
    "w0": -0.577337813858183,
    "wa": -1.2300786786255025,
    "p": [
      0.2800000000022522,
      0.09789839704257844,
      0.273486845686831
    ]
  },
  "ST2-StrThr": {
    "chi2": 11.279730878525143,
    "w0": -0.8565909439187517,
    "wa": -0.029440300837916863,
    "p": [
      0.280000000000006,
      51.848638760494396,
      0.015451967834049427
    ]
  },
  "ST3-Haged": {
    "chi2": 10.323909574572102,
    "w0": -0.7622658559866298,
    "wa": -0.3970950647086399,
    "p": [
      0.28000000000000613,
      0.15829664945441912,
      10.634647534236153,
      1.200450587841142
    ]
  },
  "AC1-Debye": {
    "chi2": 11.028605462517639,
    "w0": -0.8044718614701418,
    "wa": -0.289768118441831,
    "p": [
      0.28000000000000524,
      -0.4477823348987031,
      1.0386862419817584
    ]
  },
  "AC2-DampOsc": {
    "chi2": 10.980310393662274,
    "w0": -0.7717360228463984,
    "wa": -0.4423741293471554,
    "p": [
      0.28000000000000647,
      11.077984351644591,
      1.299146859048042,
      0.08385534602886044
    ]
  },
  "AC3-HypPhon": {
    "chi2": 12.135648616268362,
    "w0": -0.9536236546823756,
    "wa": 0.43707148173885524,
    "p": [
      0.28,
      21.551106179940426,
      0.026589545225101943
    ]
  },
  "GC1-Boltz": {
    "chi2": 11.190771580548214,
    "w0": -0.8404217634150601,
    "wa": -0.11147461887426167,
    "p": [
      0.28000000000265546,
      -0.5737070688190207
    ]
  },
  "GC2-Fugac": {
    "chi2": 11.293555039607952,
    "w0": -0.8566496384657647,
    "wa": -0.06471085366433575,
    "p": [
      0.2800000000000873,
      0.1446112334136807,
      0.9787107838822002
    ]
  },
  "GC3-ChemPow": {
    "chi2": 11.867443098481964,
    "w0": -0.9284153114552252,
    "wa": 0.3168683352391311,
    "p": [
      0.28000000001982467,
      -0.3056785010296189
    ]
  }
}