{
  "dz_dt_LCDM": 1.4457729121036854e-11,
  "dz_dt_SQT": 1.4530017766642038e-11,
  "distinguishable_ELT": true
}