{
  "S8_WL_MEAN": 0.7656,
  "S8_WL_SIGMA": 0.0138,
  "H0_SHOES": 0.732,
  "gates": {
    "K15_S8_max": 0.84,
    "Q10_delta_chi2_wl_max": 3.0,
    "Q11_h_tol": 0.005
  },
  "candidates": [
    {
      "id": "C28",
      "label": "Maggiore-Mancarella RR (CPL template)",
      "Om": 0.309121484259097,
      "h": 0.6779564500908517,
      "S8": 0.79741581959816,
      "chi2_joint_bg": 1655.5684432562496,
      "chi2_wl": 5.315303385332203,
      "chi2_joint_plus_wl": 1660.8837466415819,
      "h_minus_shoes_abs": 0.05404354990914828,
      "delta_chi2_wl_vs_lcdm": -22.26553990751204,
      "delta_chi2_joint_vs_lcdm": -21.326509193182574,
      "net_delta_chi2_with_shear": -43.59204910069461,
      "K15_pass": true,
      "Q10_pass": true,
      "Q11_pass": true
    },
    {
      "id": "C33",
      "label": "f(Q) teleparallel (CPL template)",
      "Om": 0.3396881290172473,
      "h": 0.6472054782168517,
      "S8": 0.8906262022982193,
      "chi2_joint_bg": 1747.6928519671837,
      "chi2_wl": 82.0812395563709,
      "chi2_joint_plus_wl": 1829.7740915235547,
      "h_minus_shoes_abs": 0.08479452178314828,
      "delta_chi2_wl_vs_lcdm": 54.50039626352666,
      "delta_chi2_joint_vs_lcdm": 70.7978995177516,
      "net_delta_chi2_with_shear": 125.29829578127826,
      "K15_pass": false,
      "Q10_pass": false,
      "Q11_pass": false
    },
    {
      "id": "A01",
      "label": "A01 [SQMH canonical (matter-weighted drift)]",
      "Om": 0.31022472065325885,
      "h": 0.6770633730967515,
      "S8": 0.8018271895854728,
      "chi2_joint_bg": 1655.7776695170216,
      "chi2_wl": 6.891458019648157,
      "chi2_joint_plus_wl": 1662.6691275366697,
      "h_minus_shoes_abs": 0.05493662690324852,
      "delta_chi2_wl_vs_lcdm": -20.689385273196088,
      "delta_chi2_joint_vs_lcdm": -21.11728293241049,
      "net_delta_chi2_with_shear": -41.80666820560658,
      "K15_pass": true,
      "Q10_pass": true,
      "Q11_pass": true
    },
    {
      "id": "A05",
      "label": "A05 [Sqrt relaxation]",
      "Om": 0.3107682903838457,
      "h": 0.6766176888291627,
      "S8": 0.8038996410706171,
      "chi2_joint_bg": 1655.8650961529663,
      "chi2_wl": 7.702491630634854,
      "chi2_joint_plus_wl": 1663.567587783601,
      "h_minus_shoes_abs": 0.05538231117083725,
      "delta_chi2_wl_vs_lcdm": -19.87835166220939,
      "delta_chi2_joint_vs_lcdm": -21.029856296465823,
      "net_delta_chi2_with_shear": -40.90820795867521,
      "K15_pass": true,
      "Q10_pass": true,
      "Q11_pass": true
    },
    {
      "id": "A12",
      "label": "A12 [Error-function diffusion]",
      "Om": 0.3090467615485457,
      "h": 0.6780076483209411,
      "S8": 0.7976829214840327,
      "chi2_joint_bg": 1655.2777833546118,
      "chi2_wl": 5.404924653174825,
      "chi2_joint_plus_wl": 1660.6827080077867,
      "h_minus_shoes_abs": 0.053992351679058914,
      "delta_chi2_wl_vs_lcdm": -22.17591863966942,
      "delta_chi2_joint_vs_lcdm": -21.617169094820383,
      "net_delta_chi2_with_shear": -43.7930877344898,
      "K15_pass": true,
      "Q10_pass": true,
      "Q11_pass": true
    },
    {
      "id": "A17",
      "label": "A17 [Adiabatic pulse]",
      "Om": 0.31187737761394274,
      "h": 0.6756641302985932,
      "S8": 0.808587873972978,
      "chi2_joint_bg": 1655.6370873122858,
      "chi2_wl": 9.703619558478511,
      "chi2_joint_plus_wl": 1665.3407068707643,
      "h_minus_shoes_abs": 0.056335869701406804,
      "delta_chi2_wl_vs_lcdm": -17.87722373436573,
      "delta_chi2_joint_vs_lcdm": -21.257865137146382,
      "net_delta_chi2_with_shear": -39.13508887151211,
      "K15_pass": true,
      "Q10_pass": true,
      "Q11_pass": true
    },
    {
      "id": "A03",
      "label": "A03 [Log horizon entropy]",
      "Om": 0.3071304542778537,
      "h": 0.6797245306432926,
      "S8": 0.7890939728640111,
      "chi2_joint_bg": 1656.5647584042795,
      "chi2_wl": 2.8983761863835884,
      "chi2_joint_plus_wl": 1659.463134590663,
      "h_minus_shoes_abs": 0.05227546935670735,
      "delta_chi2_wl_vs_lcdm": -24.682467106460656,
      "delta_chi2_joint_vs_lcdm": -20.330194045152666,
      "net_delta_chi2_with_shear": -45.01266115161332,
      "K15_pass": true,
      "Q10_pass": true,
      "Q11_pass": true
    },
    {
      "id": "A04",
      "label": "A04 [Volume-cumulative matter drift]",
      "Om": 0.3011009177760561,
      "h": 0.6843310022818876,
      "S8": 0.771868128021855,
      "chi2_joint_bg": 1668.000899439808,
      "chi2_wl": 0.20630870036948434,
      "chi2_joint_plus_wl": 1668.2072081401775,
      "h_minus_shoes_abs": 0.047668997718112394,
      "delta_chi2_wl_vs_lcdm": -27.37453459247476,
      "delta_chi2_joint_vs_lcdm": -8.894053009624031,
      "net_delta_chi2_with_shear": -36.26858760209879,
      "K15_pass": true,
      "Q10_pass": true,
      "Q11_pass": true
    },
    {
      "id": "A06",
      "label": "A06 [Exponential metabolism]",
      "Om": 0.3095787565873586,
      "h": 0.6775988212929055,
      "S8": 0.7993289508102787,
      "chi2_joint_bg": 1655.7760153060765,
      "chi2_wl": 5.973756158171609,
      "chi2_joint_plus_wl": 1661.7497714642482,
      "h_minus_shoes_abs": 0.05440117870709449,
      "delta_chi2_wl_vs_lcdm": -21.607087134672632,
      "delta_chi2_joint_vs_lcdm": -21.11893714335565,
      "net_delta_chi2_with_shear": -42.726024278028284,
      "K15_pass": true,
      "Q10_pass": true,
      "Q11_pass": true
    },
    {
      "id": "A08",
      "label": "A08 [Tanh transition]",
      "Om": 0.3125475350201518,
      "h": 0.6752024022055003,
      "S8": 0.8101413796492051,
      "chi2_joint_bg": 1657.8887019995436,
      "chi2_wl": 10.417635481278221,
      "chi2_joint_plus_wl": 1668.3063374808219,
      "h_minus_shoes_abs": 0.056797597794499666,
      "delta_chi2_wl_vs_lcdm": -17.16320781156602,
      "delta_chi2_joint_vs_lcdm": -19.006250449888512,
      "net_delta_chi2_with_shear": -36.16945826145454,
      "K15_pass": true,
      "Q10_pass": true,
      "Q11_pass": true
    },
    {
      "id": "A09",
      "label": "A09 [Causal-diamond 2D]",
      "Om": 0.3062952133575012,
      "h": 0.6803489545754388,
      "S8": 0.7867446824161053,
      "chi2_joint_bg": 1656.8596790139648,
      "chi2_wl": 2.3477084356120272,
      "chi2_joint_plus_wl": 1659.2073874495768,
      "h_minus_shoes_abs": 0.051651045424561226,
      "delta_chi2_wl_vs_lcdm": -25.233134857232216,
      "delta_chi2_joint_vs_lcdm": -20.03527343546739,
      "net_delta_chi2_with_shear": -45.268408292699604,
      "K15_pass": true,
      "Q10_pass": true,
      "Q11_pass": true
    },
    {
      "id": "A11",
      "label": "A11 [Sigmoid (logistic)]",
      "Om": 0.31521037720005224,
      "h": 0.6730992461631811,
      "S8": 0.8195960940102983,
      "chi2_joint_bg": 1662.366036218238,
      "chi2_wl": 15.309694225840051,
      "chi2_joint_plus_wl": 1677.675730444078,
      "h_minus_shoes_abs": 0.05890075383681892,
      "delta_chi2_wl_vs_lcdm": -12.271149067004192,
      "delta_chi2_joint_vs_lcdm": -14.528916231194216,
      "net_delta_chi2_with_shear": -26.800065298198408,
      "K15_pass": true,
      "Q10_pass": true,
      "Q11_pass": true
    },
    {
      "id": "A13",
      "label": "A13 [Arctan plateau]",
      "Om": 0.31386544815294515,
      "h": 0.6741626569757371,
      "S8": 0.8148106008828608,
      "chi2_joint_bg": 1659.8078823407689,
      "chi2_wl": 12.716253094162093,
      "chi2_joint_plus_wl": 1672.524135434931,
      "h_minus_shoes_abs": 0.05783734302426291,
      "delta_chi2_wl_vs_lcdm": -14.86459019868215,
      "delta_chi2_joint_vs_lcdm": -17.087070108663283,
      "net_delta_chi2_with_shear": -31.951660307345435,
      "K15_pass": true,
      "Q10_pass": true,
      "Q11_pass": true
    },
    {
      "id": "A15",
      "label": "A15 [Stretched exponential]",
      "Om": 0.31427029403632234,
      "h": 0.6738807300867515,
      "S8": 0.8157839162340705,
      "chi2_joint_bg": 1661.6137652001396,
      "chi2_wl": 13.224246211868378,