{
  "r0": {
    "lcdm_aicc": 1670.1355601816342,
    "d_aicc": 1661.6936765444077
  },
  "models": {
    "bd4": {
      "aicc": 1661.4455304223898,
      "daicc": -8.67716957761013,
      "boundary": false,
      "w0": -1.3815300425423995,
      "wa": 1.4620387914253945,
      "params": [
        0.3254329160120068,
        66.86379731391685,
        0.14181684298721187,
        2.1672241776393255
      ],
      "raw_params": [
        0.3254329160120068,
        66.86379731391685,
        0.14181684298721187,
        2.1672241776393255
      ],
      "chi2": 1653.4238854007447
    },
    "min": {
      "aicc": 490164.19420685444,
      "daicc": 488494.07150685444,
      "boundary": true,
      "w0": -2.00002665041285,
      "wa": -8.239062530189914e-05,
      "params": [
        0.5499999950027119,
        55.00000033147384,
        -0.00032989406154133036,
        0.0
      ],
      "raw_params": [
        0.5499999950027119,
        55.00000033147384,
        -0.00032989406154133036
      ],
      "chi2": 490158.1812268653
    },
    "mo": {
      "aicc": 490163.44858246436,
      "daicc": 488493.32588246436,
      "boundary": true,
      "w0": -2.0000264891252817,
      "wa": -8.239069652901716e-05,
      "params": [
        0.5499999984075354,
        55.00000015142234,
        0.0,
        150.07419113616777
      ],
      "raw_params": [
        0.5499999984075354,
        55.00000015142234,
        150.07419113616777
      ],
      "chi2": 490157.4356024752
    },
    "thy": {
      "aicc": 70219.37168013962,
      "daicc": 68549.24898013962,
      "boundary": true,
      "w0": -5.297360061934043,
      "wa": 6.900376756471075,
      "params": [
        0.27319862562149966,
        55.000003992755666,
        1.0,
        400.0
      ],
      "raw_params": [
        0.27319862562149966,
        55.000003992755666
      ],
      "chi2": 70215.36519365314
    }
  },
  "bootstrap": {
    "valid": 300,
    "median": 2.1235006368369795,
    "ci68": [
      -3.7716380465274413,
      8.887195503760177
    ],
    "frac_lt4": 0.13666666666666666,
    "frac_lt0": 0.37,
    "verdict": "FAIL"
  },
  "elapsed": 7510.357145786285
}