{
  "priors": [
    "uniform",
    "log_uniform",
    "jeffreys",
    "normal",
    "cauchy"
  ],
  "lnZ": [
    -50.820065253399484,
    -50.24184389789834,
    -50.011804467968155,
    -50.03853520547665,
    -50.33021799048323
  ],
  "std": 0.2917264530145246,
  "stable": true
}