{
  "mean": 98.56245462276163,
  "std": 28.914582693155385,
  "frac_below_10": 0.002,
  "frac_above_50": 0.962,
  "robust": true
}