{
  "backend": "emcee",
  "names": [
    "Om",
    "h",
    "gamma0",
    "beta_shape",
    "a_tail"
  ],
  "means": [
    0.309121484259097,
    0.6779564500908517,
    0.0015016081651382479,
    0.5027317427945509,
    2.4941396699309544
  ],
  "stds": [
    0.003262271085654954,
    0.003323696504686887,
    0.0008124504115065072,
    0.28346271622322544,
    0.9750340147749461
  ],
  "rhat": [
    1.1160783161555716,
    1.1202705045276953,
    1.1817683320003762,
    1.2020099702199543,
    1.2264547081808104
  ],
  "x_map": [
    0.30831953445425786,
    0.6790392864811329,
    0.0016744003082626675,
    0.2619580347048055,
    3.81663283728667
  ]
}