{
  "n_sparc": 129,
  "in_band": {
    "low": 12.022644346174125,
    "high": 47.86300923226383,
    "n": 6,
    "median": 9.888318959073032,
    "std": 1.2868270546479643
  },
  "out_band": {
    "low": 120.22644346174131,
    "n": 63,
    "median": 9.389395485890622,
    "std": 0.41197149549793904
  },
  "diff": 0.49892347318241015,
  "ci_95": [
    -0.11379450565168625,
    2.9945788058434957
  ],
  "m4_predicted_diff": 0.6633695158043302,
  "p1_verdict": "AMBIGUOUS \u2014 CI crosses zero",
  "cv_n_splits": 100,
  "cv_stats": {
    "M1": {
      "name": "M1 const",
      "median": 273.8853722626101,
      "mean": 273.180253454731,
      "p16": 228.88542760582482,
      "p84": 310.5475082166269,
      "median_per_dof": 4.213621111732463
    },
    "M2": {
      "name": "M2 linear-V",
      "median": 292.4962263419488,
      "mean": 292.64543288174826,
      "p16": 250.74142134565932,
      "p84": 332.19909578909557,
      "median_per_dof": 4.499941943722289
    },
    "M4": {
      "name": "M4 peak-V",
      "median": 73.73524936627899,
      "mean": 72.04320504058985,
      "p16": 57.57936662517994,
      "p84": 84.75335416342669,
      "median_per_dof": 1.1343884517889076
    },
    "M7": {
      "name": "M7 3-regime",
      "median": 72.3709280640776,
      "mean": 71.31900688073652,
      "p16": 51.73489770667646,
      "p84": 86.95960788497497,
      "median_per_dof": 1.1133988932935015
    }
  },
  "cv_n_test_per_split": 65,
  "m4_vpeak_median": 1.381970105599453,
  "m4_vpeak_std": 0.004144330364742021,
  "m4_stability": "STABLE",
  "m4_wins_over_m7": 48,
  "median_chi2_M4_minus_M7": 0.3317317527523471,
  "final_verdict": "TIE \u2014 Branch A and B statistically indistinguishable; choose B for parsimony"
}