{
  "backend": "emcee",
  "means": [
    0.3456727649239554,
    0.643486747411849,
    0.04666164429625419
  ],
  "stds": [
    0.00433305518338216,
    0.0032997136709813695,
    0.007349587286423737
  ],
  "rhat": [
    1.115084034376215,
    1.1306824266812339,
    1.0826341864898212
  ],
  "names": [
    "Om",
    "h",
    "beta"
  ],
  "nwalkers": 16,
  "nsteps": 200,
  "nburn": 50,
  "seed": 42
}