{
  "task0": {
    "lcdm": {
      "Om": 0.32356349650725874,
      "H0": 67.51865732967124,
      "chi2": 1755.923210544406,
      "aicc": 1759.9296970308924,
      "chi2_bao": 20.012914836885606,
      "chi2_cmb": 2.598561190126792,
      "chi2_sn": 1725.9353849318431,
      "chi2_rsd": 7.376349585550363
    },
    "cpl": {
      "Om": 0.36171731449764777,
      "H0": 63.48313043469611,
      "w0": -0.4479980456400879,
      "wa": -1.467161162760041,
      "chi2": 1644.884130031764,
      "aicc": 1652.9057750534091,
      "daicc_vs_lcdm": -107.02392197748327,
      "params": [
        0.36171731449764777,
        63.48313043469611,
        -0.4479980456400879,
        -1.467161162760041
      ]
    },
    "lcdm_aicc": 1759.9296970308924
  },
  "task1_model_d": {
    "aicc": 1648.6249335941384,
    "daicc": -111.304763436754,
    "daicc_vs_cpl": -4.280841459270732,
    "boundary": false,
    "w0": -1.487154366859773,
    "wa": 1.2434386573256808,
    "q0": -0.9189558866793371,
    "params": [
      0.36386384105587255,
      63.18062700945278,
      2.0358224777327054,
      2.862127183496469
    ],
    "chi2": 1640.6032885724933,
    "verdict": "Q92 GAME"
  },
  "task2_d_psi1": {
    "aicc": 2212.3042237802583,
    "daicc": 452.37452674936594,
    "daicc_vs_cpl": 559.3984487268492,
    "boundary": false,
    "w0": -0.7385137993907097,
    "wa": 1.0113035416457714,
    "q0": -0.27705471076728866,
    "params": [
      0.2985124001997761,
      73.5922937835357
    ],
    "chi2": 2208.2977372937717,
    "verdict": "K90 KILL"
  },
  "task3_d_psi2": {
    "aicc": 2772.8756555494765,
    "daicc": 1012.9459585185841,
    "daicc_vs_cpl": 1119.9698804960674,
    "boundary": false,
    "w0": -0.5041242814158691,
    "wa": 2.0448596830034793,
    "q0": -0.03780971960182411,
    "params": [
      0.28876863337374054,
      76.82555217143211
    ],
    "chi2": 2768.86916906299,
    "verdict": "K90 KILL"
  },
  "task4_d_psi_n": {
    "aicc": 1790.9291107903719,
    "daicc": 30.999413759479467,
    "daicc_vs_cpl": 138.02333573696274,
    "boundary": true,
    "w0": -0.9708561111124581,
    "wa": 0.0984935346222045,
    "q0": -0.4897925952734081,
    "params": [
      0.3202947158136822,
      68.3318599571895,
      0.1000053418526124
    ],
    "chi2": 1784.9161308011885,
    "verdict": "K92 INVALID"
  },
  "task5_d_mix": {
    "aicc": 1763.9454758437867,
    "daicc": 4.015778812894268,
    "daicc_vs_cpl": 111.03970079037754,
    "boundary": false,
    "w0": -0.9999987539988641,
    "wa": -2.3525845107841912e-06,
    "q0": -0.5144817097688542,
    "params": [
      0.32364215081181696,
      67.51424920366466,
      0.9999988347187116,
      4.229448622289469
    ],
    "chi2": 1755.9238308221416,
    "verdict": "K90 KILL"
  },
  "task6_g_theory": {
    "aicc": 97333.72549048206,
    "daicc": 95573.79579345117,
    "daicc_vs_cpl": 95680.81971542865,
    "boundary": true,
    "w0": -1.425132005566206,
    "wa": -0.7133116520322038,
    "q0": -0.4618840003519106,
    "params": [
      0.5499962554357354,
      55.004198724036826,
      8.022716499512778e-07
    ],
    "chi2": 97327.71251049287,
    "verdict": "K92 INVALID"
  },
  "task8_bootstrap": {
    "valid": 300,
    "median": -89.56854711018627,
    "ci68": [
      -97.1243275555275,
      -82.6513841037098
    ],
    "frac_lt4": 1.0,
    "verdict": "PASS"
  },
  "lcdm_aicc_old": 1670.1227,
  "lcdm_aicc_corr": 1759.9296970308924,
  "son_params": {
    "w0": -0.34,
    "wa": -1.9,
    "q0": 0.18
  }
}