{
  "H0_planck": 67.4,
  "H0_riess": 73.04,
  "a0_sqt_planck": 1.0421903092736491e-10,
  "a0_sqt_riess": 1.1294002995452128e-10,
  "a0_mcgaugh": 1.2e-10,
  "ups_star_default": 0.5,
  "He_factor": 1.33,
  "n_catalog": 175,
  "cuts": {
    "Q1": {
      "label": "cut_Q1",
      "n": 87,
      "h0_kmsmpc_used": 67.4,
      "a0_median": 1.726251729330846e-10,
      "a0_weighted_log_mean": 1.6827399201614285e-10,
      "log10_a0_median": -9.762895873343961,
      "log10_a0_bootstrap_mean": -9.767874716193544,
      "log10_a0_bootstrap_sigma": 0.038256518325505036,
      "log10_a0_p16": -9.816994557902337,
      "log10_a0_p84": -9.728736224868612,
      "a0_p16": 1.524071851658861e-10,
      "a0_p84": 1.8675136082643417e-10,
      "log10_a0_jackknife_sigma": 0.01904832486157976,
      "a0_sqt_planck": 1.0421903092736491e-10,
      "a0_sqt_riess": 1.1294002995452128e-10,
      "a0_mcgaugh": 1.2e-10,
      "ratio_sqt_over_data": 0.6037302043298387,
      "delta_log_data_minus_sqt": 0.21915709606032507,
      "sigma_distance_planck": 5.728621046892717,
      "sigma_distance_riess": 4.816335519653446,
      "sigma_distance_mcgaugh": 4.127999293211403,
      "H0_required_kmsmpc": 111.63927117878146,
      "H0_required_over_planck": 1.6563690085872618,
      "K_Z1_within_30pct": false,
      "K_Z2_within_2sigma": false,
      "K_Z3_data_consistent_mcgaugh": false,
      "K_Z3b_sqt_consistent_mcgaugh": false
    },
    "Q12": {
      "label": "cut_Q12",
      "n": 129,
      "h0_kmsmpc_used": 67.4,
      "a0_median": 1.5260668163278318e-10,
      "a0_weighted_log_mean": 1.573312983795289e-10,
      "log10_a0_median": -9.816426451094626,
      "log10_a0_bootstrap_mean": -9.810642896014718,
      "log10_a0_bootstrap_sigma": 0.027965264883062634,
      "log10_a0_p16": -9.830927686281862,
      "log10_a0_p84": -9.769193105006842,
      "a0_p16": 1.4759522713997259e-10,
      "a0_p84": 1.701401827665008e-10,
      "log10_a0_jackknife_sigma": 0.009060160447895142,
      "a0_sqt_planck": 1.0421903092736491e-10,
      "a0_sqt_riess": 1.1294002995452128e-10,
      "a0_mcgaugh": 1.2e-10,
      "ratio_sqt_over_data": 0.6829257396353505,
      "delta_log_data_minus_sqt": 0.1656265183096597,
      "sigma_distance_planck": 5.9225799935109,
      "sigma_distance_riess": 4.674572218978424,
      "sigma_distance_mcgaugh": 3.7329273759525314,
      "H0_required_kmsmpc": 98.6930146109127,
      "H0_required_over_planck": 1.4642880506070133,
      "K_Z1_within_30pct": false,
      "K_Z2_within_2sigma": false,
      "K_Z3_data_consistent_mcgaugh": false,
      "K_Z3b_sqt_consistent_mcgaugh": false
    },
    "Q123": {
      "label": "cut_Q123",
      "n": 135,
      "h0_kmsmpc_used": 67.4,
      "a0_median": 1.524071851658861e-10,
      "a0_weighted_log_mean": 1.5074010822709352e-10,
      "log10_a0_median": -9.816994557902337,
      "log10_a0_bootstrap_mean": -9.814687584143188,
      "log10_a0_bootstrap_sigma": 0.02727760234378332,
      "log10_a0_p16": -9.835607857181332,
      "log10_a0_p84": -9.792539090366951,
      "a0_p16": 1.4601320801134867e-10,
      "a0_p84": 1.6123558944318402e-10,
      "log10_a0_jackknife_sigma": 0.0022778740913372173,
      "a0_sqt_planck": 1.0421903092736491e-10,
      "a0_sqt_riess": 1.1294002995452128e-10,
      "a0_mcgaugh": 1.2e-10,
      "ratio_sqt_over_data": 0.683819669091905,
      "delta_log_data_minus_sqt": 0.1650584115019491,
      "sigma_distance_planck": 6.05106011231103,
      "sigma_distance_riess": 4.771590327868035,
      "sigma_distance_mcgaugh": 3.806206819115826,
      "H0_required_kmsmpc": 98.56399727358747,
      "H0_required_over_planck": 1.4623738467891316,
      "K_Z1_within_30pct": false,
      "K_Z2_within_2sigma": false,
      "K_Z3_data_consistent_mcgaugh": false,
      "K_Z3b_sqt_consistent_mcgaugh": false
    }
  },
  "upsilon_scan_Q12": {
    "ups_0.30": {
      "ups": 0.3,
      "n": 129,
      "a0_median": 2.0833166829218586e-10,
      "ratio_sqt_over_data": 0.5002553465908859,
      "delta_log_data_minus_sqt": 0.3008082610475533,
      "within_30pct": false
    },
    "ups_0.40": {
      "ups": 0.4,
      "n": 129,
      "a0_median": 1.772574317183959e-10,
      "ratio_sqt_over_data": 0.5879529558621546,
      "delta_log_data_minus_sqt": 0.23065742192867056,
      "within_30pct": false
    },
    "ups_0.50": {
      "ups": 0.5,
      "n": 129,
      "a0_median": 1.5260668163278298e-10,
      "ratio_sqt_over_data": 0.6829257396353514,
      "delta_log_data_minus_sqt": 0.1656265183096597,
      "within_30pct": false
    },
    "ups_0.60": {
      "ups": 0.6,
      "n": 129,
      "a0_median": 1.3745026955957488e-10,
      "ratio_sqt_over_data": 0.7582308224007768,
      "delta_log_data_minus_sqt": 0.12019856529800421,
      "within_30pct": true
    },
    "ups_0.70": {
      "ups": 0.7,
      "n": 129,
      "a0_median": 1.2632083993011474e-10,
      "ratio_sqt_over_data": 0.8250343410083614,
      "delta_log_data_minus_sqt": 0.08352797411669322,
      "within_30pct": true
    }
  },
  "K_Z4_ups_stability": false,
  "H0_band_Q12_30pct": [
    69.08511022763888,
    128.30091899418647
  ]
}