{
  "A_theory_2epim": 0.086428,
  "A_theory_rt2epim": 0.061114,
  "free": {
    "chi2": 5.6011,
    "AICc": 14.268,
    "Om": 0.30553,
    "A": 0.08803,
    "B": 8.7648
  },
  "fixed_2epim": {
    "chi2": 5.6045,
    "AICc": 10.804,
    "dchi2": 0.0033,
    "Om": 0.30579,
    "B": 8.794
  },
  "fixed_rt2epim": {
    "chi2": 6.6026,
    "AICc": 11.803,
    "dchi2": 1.0015,
    "Om": 0.30983,
    "B": 9.1939
  }
}