{
  "ID": "LCDM",
  "phase": "L6-calibration",
  "logz": -843.5378920993195,
  "logz_err": 0.0828100170693158,
  "nlive": 800,
  "niter": 6492,
  "wall_sec": 286.1693980693817
}