{
  "seed": 4242,
  "n_mock": 200,
  "R_primary": 5.0,
  "sqt_prefit_theta": [
    0.9800111046835053,
    0.38488748454841737,
    1.0905704963832565,
    2.99999956157775,
    0.49999977551862845
  ],
  "cells": {
    "lcdm__local_group__base8": {
      "n_total": 200,
      "n_ok": 125,
      "success_rate": 0.625,
      "mean": -14.278476280873695,
      "std": 7.224050180514575,
      "p05": -35.458837537549186,
      "p50": -12.905351382704291,
      "p95": -5.903914615796611
    },
    "lcdm__local_group__base13": {
      "n_total": 200,
      "n_ok": 138,
      "success_rate": 0.69,
      "mean": -13.748558469681745,
      "std": 8.478354424497988,
      "p05": -21.363652843991613,
      "p50": -12.949473014458626,
      "p95": -5.059632696628232
    },
    "lcdm__galactic_internal__base8": {
      "n_total": 200,
      "n_ok": 122,
      "success_rate": 0.61,
      "mean": -14.285341987410485,
      "std": 6.912486429007307,
      "p05": -35.17501888548227,
      "p50": -13.145910569834193,
      "p95": -6.220944497223392
    },
    "lcdm__galactic_internal__base13": {
      "n_total": 200,
      "n_ok": 138,
      "success_rate": 0.69,
      "mean": -16.84224720258773,
      "std": 23.961825853639883,
      "p05": -38.08987213829674,
      "p50": -13.350764684518662,
      "p95": -9.805630313903498
    },
    "sqt__local_group__base8": {
      "n_total": 200,
      "n_ok": 193,
      "success_rate": 0.965,
      "mean": 73.04353999629356,
      "std": 22.44181827073805,
      "p05": 24.707386039454168,
      "p50": 76.12211419771803,
      "p95": 105.14601854859337
    },
    "sqt__local_group__base13": {
      "n_total": 200,
      "n_ok": 191,
      "success_rate": 0.955,
      "mean": 93.8533282385393,
      "std": 28.914756605532975,
      "p05": 41.048828606987094,
      "p50": 100.04625403014009,
      "p95": 130.03062490049373
    },
    "sqt__galactic_internal__base8": {
      "n_total": 200,
      "n_ok": 196,
      "success_rate": 0.98,
      "mean": 76.33571144849907,
      "std": 22.69427771022369,
      "p05": 32.79317547524938,
      "p50": 78.41523918432688,
      "p95": 107.20442183175106
    },
    "sqt__galactic_internal__base13": {
      "n_total": 200,
      "n_ok": 196,
      "success_rate": 0.98,
      "mean": 82.71754652157794,
      "std": 24.650508176976807,
      "p05": 30.708075862732187,
      "p50": 87.09199811094003,
      "p95": 114.86164196442893
    }
  },
  "dd_stats": {
    "lcdm__local_group": {
      "n_total": 86,
      "n_ok": 86,
      "success_rate": 1.0,
      "mean": 1.6381350500600784,
      "std": 10.685738307492917,
      "p05": -11.081170748179941,
      "p50": 0.05207478122139264,
      "p95": 24.272244723371365
    },
    "lcdm__galactic_internal": {
      "n_total": 81,
      "n_ok": 81,
      "success_rate": 1.0,
      "mean": -1.8681275260810635,
      "std": 9.899915027398828,
      "p05": -23.92766221318076,
      "p50": -0.22280487465735987,
      "p95": 8.405001955014605
    },
    "sqt__local_group": {
      "n_total": 184,
      "n_ok": 184,
      "success_rate": 1.0,
      "mean": 21.457622833503567,
      "std": 39.975458357925476,
      "p05": -46.43190177725958,
      "p50": 22.844175825552917,
      "p95": 88.26675263894612
    },
    "sqt__galactic_internal": {
      "n_total": 192,
      "n_ok": 192,
      "success_rate": 1.0,
      "mean": 5.914305453579902,
      "std": 33.837571646098475,
      "p05": -52.76895028064331,
      "p50": 8.22975347874602,
      "p95": 58.98494177035149
    }
  },
  "dd_dist": {
    "lcdm__local_group": [
      2.8222117871614163,
      10.50278277983792,
      2.7858770265801276,
      1.1327305631651985,
      -6.815202223998256,
      -0.03747609198957669,
      -0.26347327336471693,
      2.5174015395323543,
      -2.449999866503312,
      -0.31615216117804756,
      -0.6009381792410924,
      -4.201113901493233,
      0.6361440736713266,
      -0.07191030249944319,
      -0.2919071468280183,
      1.9612904018691673,
      -2.5982380491543733,
      -0.4600920160601003,
      8.131722744787517,
      -0.8862766160792752,
      -3.1619545398443396,
      -1.1881826609992938,
      0.14162565443236197,
      21.01339378293817,
      -1.071401075586694,
      -0.7380404131099869,
      24.450391497560872,
      -0.2346407282478289,
      1.303999788864612,
      0.48126371154756953,
      6.80795142957907,
      -2.4728366422432604,
      0.8135145448619525,
      -1.64903122359895,
      -1.045994382192836,
      3.752101772920488,
      36.187354765959476,
      -0.483885690918866,
      -9.758274628648715,
      8.334368392302903,
      -0.08865098947221917,
      -24.668019471779544,
      10.646036080290951,
      -0.7654682883270034,
      -1.3545800022892625,
      1.760127364076876,
      2.998320697983619,
      -16.178756658512146,
      2.1446884130428963,
      1.596229058518981,
      -4.612745497277556,
      7.795834512997397,
      1.0093852959951093,
      -10.533332819406336,
      -1.0817098689107247,
      -11.263783391104477,
      -0.8906848330245367,
      -8.994191232978235,
      16.399350002441263,
      0.5364905758826914,
      4.210445708493992,
      -1.1519998021880795,
      7.940249813729235,
      -25.80854265835368,
      0.38517379224231085,
      -8.983084004614945,
      23.73780440080284,
      34.39241647271045,
      -1.4076288115380287,
      3.144242695108515,
      -29.53991575849666,
      -1.7711756071901696,
      26.735509698857154,
      -0.8924706663284585,
      20.90721789360541,
      5.7339438964833676,
      -8.036250661085084,
      0.488424151381583,
      0.40383394488860347,
      -1.1296642068099612,
      24.757964250591595,
      0.23743020649452262,
      2.9653819518927715,
      1.0879720720394985,
      -1.0391344875091413,
      6.077826628019064
    ],
    "lcdm__galactic_internal": [
      0.7931827136425262,
      -1.8531485120941458,
      -23.92766221318076,
      7.6191787281516685,
      7.555627716760313,
      0.13284144561817968,
      -0.2307465101529793,
      -0.9974560399080179,
      1.412390934170455,
      -0.7344350160971391,
      -1.3019715305715618,
      -18.50815517006614,
      -29.426815559460508,
      1.5877058528523573,
      0.2644507698699208,
      7.606466554229346,
      3.8383324867386435,
      -26.420271792480023,
      -5.714039594783273,
      25.7130085111935,
      -3.783898425548987,
      -5.188595769829055,
      -3.1478941263440507,
      -0.6541349745977225,
      -1.5940427891708797,
      -0.6670594729903581,
      -7.380450191968999,
      0.9721027189575704,
      -27.0903250457553,
      0.3798926612730327,
      0.5330160508167019,
      -23.271577936089002,
      7.348455134463482,
      3.244388726931824,
      -21.582845165465727,
      -0.4257271229655597,
      -7.766306344665779,
      -2.869552308295985,
      -3.129453747281568,
      0.9115246163499862,
      8.405001955014605,
      7.707488018367576,
      0.09989515077405997,
      4.430981222718598,
      -8.782703497149674,
      -1.5285311691742294,
      1.820638287623975,
      0.1271145426857565,
      8.40845323180049,
      6.602804038631861,
      0.36746229041118283,
      -0.20012771680755392,
      -2.887724736659335,
      0.3383928436175996,
      0.05673379752189511,
      -4.572387349571297,
      -4.952718452432334,
      -8.125133046591518,
      -0.2208451217150209,
      -1.6691774660225036,
      0.5338297838949124,
      -0.4075980284901757,
      1.4430700199772506,
      -0.31753973774464406,
      -0.22280487465735987,
      6.141154584933528,
      -3.1375890550753827,
      -5.956807203319218,
      27.173334882333556,
      -9.7343477420155,
      3.256949871133873,
      5.731474103006715,
      -5.639139030460672,
      -23.591033197324933,
      2.8206452687105603,
      5.4964774025713155,
      -2.0878339636939796,
      -24.173640201668572,
      9.36408253256428,
      4.500182640493643,
      -0.18281475303548333
    ],