{
  "backend": "emcee",
  "means": [
    0.3174723951109545,
    0.6716414945990612,
    0.1854615692607524
  ],
  "stds": [
    0.0024715146219811265,
    0.0025908644104148644,
    0.019372868093772345
  ],
  "rhat": [
    1.1589750961080916,
    1.187908282271118,
    1.1762700719186636
  ],
  "names": [
    "Om",
    "h",
    "beta_d"
  ],
  "nwalkers": 16,
  "nsteps": 200,
  "nburn": 50,
  "seed": 42
}