{
  "task0": {
    "lcdm": {
      "aicc": 1670.1355601816342,
      "chi2_bao": 12.299965514891113,
      "chi2_cmb": 0.00966832080008476,
      "chi2_sn": 1646.8405619598793,
      "chi2_rsd": 6.978877899577454
    },
    "modelD": {
      "aicc": 1661.6936765444077,
      "daicc": -8.429023455592187,
      "chi2_bao": 9.826633647952942,
      "chi2_cmb": 0.14334299707143705,
      "chi2_sn": 1636.8468868577665,
      "chi2_rsd": 6.85516801997159
    }
  },
  "task1": {
    "Om": 0.28388070096634344,
    "H0": 74.76898793876171,
    "A_theory": 0.9999462,
    "chi2_bao": 48.7739680803753,
    "chi2_cmb": 70.05779777660821,
    "chi2_sn": 1819.3406844302926,
    "chi2_rsd": 11.954362977100388,
    "aicc": 1954.133299750863,
    "daicc": 284.0105997508631,
    "daicc_vs_D": 292.4532997508629,
    "w0": -0.7588935136809536,
    "wa": 1.027827405399772,
    "boundary": false,
    "verdict": "K90 KILL"
  },
  "task2": {
    "Om": 0.23561253798884554,
    "H0": 81.9992710887806,
    "A_fit": 0.7355602682889064,
    "A_theory": 0.9999462000000001,
    "A_dev_pct": -26.44001564395101,
    "chi2_bao": 41.42461954904475,
    "chi2_cmb": 67.52205635759928,
    "chi2_sn": 1766.1797813914884,
    "chi2_rsd": 11.468054687588191,
    "aicc": 1892.607491974904,
    "daicc": 222.48479197490406,
    "w0": -0.8274464796480445,
    "wa": 1.072725649639354,
    "boundary": true,
    "verdict": "K92 INVALID"
  },
  "task3": {
    "Om": 0.30486896156227294,
    "H0": 69.38346684316471,
    "n_fit": 0.5000306700484802,
    "n_theory": 3.0,
    "n_dev_pct": -83.33231099838399,
    "chi2_bao": 13.018970046008494,
    "chi2_cmb": 1.3758718146673594,
    "chi2_sn": 1657.8958006219823,
    "chi2_rsd": 7.21149860481611,
    "aicc": 1685.5151210766576,
    "daicc": 15.392421076657683,
    "w0": -0.9512799491086407,
    "wa": 0.031018964397669123,
    "boundary": true,
    "verdict": "K92 INVALID"
  },
  "task4": {
    "n_boot": 300,
    "n_valid": 300,
    "daicc_median": 211.67223345092668,
    "daicc_lo68": 192.25282356282872,
    "daicc_hi68": 231.92987593303533,
    "frac_below_minus4": 0.0,
    "frac_below_minus2": 0.0,
    "frac_below_0": 0.0,
    "verdict": "FAIL"
  },
  "task5": {
    "Model S": {
      "w0": -0.7588935136809536,
      "wa": 1.027827405399772,
      "direction": "opposite"
    },
    "S_amp": {
      "w0": -0.8274464796480445,
      "wa": 1.072725649639354,
      "direction": "opposite"
    },
    "S_index": {
      "w0": -0.9512799491086407,
      "wa": 0.031018964397669123,
      "direction": "opposite"
    }
  },
  "task6": {
    "delta_bao": -36.474002565484184,
    "delta_cmb": -70.04812945580812,
    "delta_sn": -172.50012247041332,
    "delta_rsd": -4.975485077522934,
    "delta_total": -283.99773956922877,
    "main_source": "RSD"
  },
  "task7": {
    "plot": "/Users/blu/Desktop/spacetime-quantum-metabolism-hypothesis/simulations/l40/l40_task7_wz.png"
  },
  "task8": {
    "daicc_S": 284.0105997508631,
    "daicc_D": -8.429023455592187,
    "aicc_diff": 292.4396232064553,
    "w0_S": -0.7588935136809536,
    "better_w0": "S",
    "prior_winner": "D"
  }
}