{
  "seed": 42,
  "n_anchors": 8,
  "r_grid": [
    {
      "R": 2.0,
      "three_regime": -19.73228595146976,
      "two_regime": -84.3114611134946,
      "monotonic": NaN,
      "lcdm": -100.84879409051459
    },
    {
      "R": 3.0,
      "three_regime": -21.34971937885424,
      "two_regime": -85.2724150851013,
      "monotonic": -80.40298727685676,
      "lcdm": -101.2538748153431
    },
    {
      "R": 5.0,
      "three_regime": -23.39075011171583,
      "two_regime": -86.67382921767657,
      "monotonic": -81.75319309888002,
      "lcdm": -101.76450352146128
    },
    {
      "R": 10.0,
      "three_regime": -87.7799181328685,
      "two_regime": -88.69789853555471,
      "monotonic": -83.79494393198468,
      "lcdm": -102.45756760450185
    }
  ]
}