{
  "lambda_D_Mpc": 1.0,
  "screening_factor": {
    "10 kpc (galaxy core)": 0.9900498337491681,
    "100 kpc (galaxy halo)": 0.9048374180359595,
    "1 Mpc (cluster)": 0.36787944117144233,
    "10 Mpc (supercluster)": 4.5399929762484854e-05,
    "100 Mpc": 3.720075976020836e-44,
    "1 Gpc (cosmic)": 0.0
  },
  "inverse": {
    "dip_amplitude": 0.3,
    "lambda_D_inferred_Mpc": 2.803673252057129
  },
  "CMB_match": {
    "eps_J": 3.762268525e-23,
    "sigma0_required": 1.2254103639854412e-164,
    "sigma0_over_G": 1.8360133107373678e-154
  }
}