{
  "status": "ok",
  "ID": "C11D",
  "name": "Disformal IDE (Zumalacarregui-Koivisto-Bellini)",
  "family": "Disformal",
  "Omega_m": 0.3082759018286111,
  "h": 0.6786575071587768,
  "theta": [
    0.34456145168767943
  ],
  "theta_names": [
    "gamma_D"
  ],
  "chi2_bao": 9.513119569772174,
  "chi2_sn": 1638.739365551332,
  "chi2_cmb": 0.3076049605254436,
  "chi2_rsd": 6.970389992918699,
  "chi2_total": 1655.5304800745482,
  "w0": -0.8851461827707741,
  "wa": -0.11485381722922337,
  "phantom_cross": false,
  "gamma_minus_one": 0.0,
  "theory_score": 7,
  "sqmh_sign_condition": "gamma_D>0 for w_a<0",
  "notes": "Pure disformal (A`=0) \u2192 static gamma=1 exact. Background toy rho_de \u221d exp(gamma_D (1-a)).",
  "keep": false,
  "failed_K": [
    "K2 |w_a|=0.1149<0.125"
  ],
  "delta_chi2": -21.364472374883917
}