{
  "status": "ok",
  "ID": "C5r",
  "name": "RVM \u03bd<0 branch",
  "family": "RVM",
  "Omega_m": 0.31070623832555777,
  "h": 0.6794486045944945,
  "theta": [
    0.03
  ],
  "theta_names": [
    "nu"
  ],
  "chi2_bao": 23.603237251672414,
  "chi2_sn": 1643.7374026159948,
  "chi2_cmb": 2.3606275172348945,
  "chi2_rsd": 7.0297272269217945,
  "chi2_total": 1676.730994611824,
  "w0": -1.0048028641795124,
  "wa": 0.17946250246369883,
  "phantom_cross": false,
  "gamma_minus_one": 0.0,
  "theory_score": 6,
  "sqmh_sign_condition": "nu<0 for w_a<0 (G\u00f3mez-Valent-Sol\u00e0 2024)",
  "notes": "L(H^2)=L0+3nu H^2. No scalar d.o.f., gamma=1 exact.",
  "keep": true,
  "failed_K": [],
  "delta_chi2": -0.1639578376082227
}