{
  "lcdm_baseline_total": 1676.8949524494321,
  "lcdm": {
    "model": "LCDM",
    "Omega_m": 0.3203645030316817,
    "h": 0.6690950792462829,
    "rd_Mpc": 147.09,
    "omega_b": 0.02237,
    "omega_c": 0.12105341573819545,
    "chi2_bao": 23.56584352826714,
    "chi2_sn": 1643.726929834671,
    "chi2_cmb": 2.2964168360593,
    "chi2_rsd": 7.30576225043482,
    "chi2_total": 1676.8949524494321,
    "notes": "rd=147.09 fixed. omega_b fixed to Planck fid; omega_c derived. BAO+SN+CMB+RSD joint minimisation."
  },
  "candidates": [
    {
      "status": "ok",
      "ID": "C10k",
      "name": "Dark-sector-only coupled quintessence",
      "family": "IDE",
      "Omega_m": 0.30716109147977033,
      "h": 0.679768480588179,
      "theta": [
        0.09335623458443999
      ],
      "theta_names": [
        "beta_d"
      ],
      "chi2_bao": 10.459761627724175,
      "chi2_sn": 1639.2564170425474,
      "chi2_cmb": 0.3922499909543793,
      "chi2_rsd": 6.944603538566878,
      "chi2_total": 1657.0530321997928,
      "w0": -0.9066437654155601,
      "wa": 6.020011188378735e-16,
      "phantom_cross": false,
      "gamma_minus_one": 0.0,
      "theory_score": 8,
      "sqmh_sign_condition": "beta_d>0 \u2192 matter\u2192DE flow",
      "notes": "Dark-only coupling \u2192 Einstein-frame baryons decouple, gamma=1 exact. G_eff/G = 1+2\u03b2_d\u00b2 on DM only.",
      "keep": false,
      "failed_K": [
        "K2 |w_a|=0.0000<0.125"
      ],
      "delta_chi2": -19.841920249639315
    },
    {
      "status": "ok",
      "ID": "C27",
      "name": "Deser-Woodard non-local f(X)",
      "family": "Non-local",
      "Omega_m": 0.31136626514928134,
      "h": 0.6759072403493088,
      "theta": [
        -0.1086550543784668,
        0.95,
        0.15483102085303424
      ],
      "theta_names": [
        "c0",
        "a_shift",
        "Delta_a"
      ],
      "chi2_bao": 8.859515351488431,
      "chi2_sn": 1637.4227352713974,
      "chi2_cmb": 0.030913750649295357,
      "chi2_rsd": 7.046569057803498,
      "chi2_total": 1653.3597334313386,
      "w0": -0.8636216591368636,
      "wa": -0.31168771253383704,
      "phantom_cross": false,
      "gamma_minus_one": 0.0,
      "theory_score": 7,
      "sqmh_sign_condition": "auxiliary X frozen in Schwarzschild \u2192 \u03b3=1",
      "notes": "Koivisto 2008 static gamma=1 from auxiliary frozen. Leading-V amplitude fit; Phase 5 full Dirian 2015 eqs needed.",
      "keep": true,
      "failed_K": [],
      "delta_chi2": -23.535219018093585
    },
    {
      "status": "ok",
      "ID": "C33",
      "name": "f(Q) teleparallel (Frusciante 2021)",
      "family": "Modified gravity",
      "Omega_m": 0.3092548636696064,
      "h": 0.6777515908837224,
      "theta": [
        -0.18893812854466432,
        2.9999999140236637
      ],
      "theta_names": [
        "f_1",
        "n"
      ],
      "chi2_bao": 8.928106436008473,
      "chi2_sn": 1638.0171037225875,
      "chi2_cmb": 0.2047713753024899,
      "chi2_rsd": 6.99378094466967,
      "chi2_total": 1654.143762478568,
      "w0": -0.8625458588418459,
      "wa": -0.24375480732916852,
      "phantom_cross": false,
      "gamma_minus_one": 0.0,
      "theory_score": 7,
      "sqmh_sign_condition": "f_1>0 branch \u2192 w_a<0 (R3 numerical verification)",
      "notes": "f(Q)=Q+f_1 H0^2 (Q/6H0^2)^n, n>=1. R3 confirms f_1>0 for w_a<0.",
      "keep": true,
      "failed_K": [],
      "delta_chi2": -22.75118997086406
    },
    {
      "status": "ok",
      "ID": "C11D",
      "name": "Disformal IDE (Zumalacarregui-Koivisto-Bellini)",
      "family": "Disformal",
      "Omega_m": 0.3082759018286111,
      "h": 0.6786575071587768,
      "theta": [
        0.34456145168767943
      ],
      "theta_names": [
        "gamma_D"
      ],
      "chi2_bao": 9.513119569772174,
      "chi2_sn": 1638.739365551332,
      "chi2_cmb": 0.3076049605254436,
      "chi2_rsd": 6.970389992918699,
      "chi2_total": 1655.5304800745482,
      "w0": -0.8851461827707741,
      "wa": -0.11485381722922337,
      "phantom_cross": false,
      "gamma_minus_one": 0.0,
      "theory_score": 7,
      "sqmh_sign_condition": "gamma_D>0 for w_a<0",
      "notes": "Pure disformal (A`=0) \u2192 static gamma=1 exact. Background toy rho_de \u221d exp(gamma_D (1-a)).",
      "keep": false,
      "failed_K": [
        "K2 |w_a|=0.1149<0.125"
      ],
      "delta_chi2": -21.364472374883917
    },
    {
      "status": "ok",
      "ID": "C23",
      "name": "Asymptotic Safety (Bonanno-Platania eff RVM)",
      "family": "Quantum-gravity RG",
      "Omega_m": 0.30426886726737185,
      "h": 0.6866239598222723,
      "theta": [
        0.05
      ],
      "theta_names": [
        "nu_eff"
      ],
      "chi2_bao": 23.62836738863652,
      "chi2_sn": 1643.7443928872697,
      "chi2_cmb": 2.4076038763031367,
      "chi2_rsd": 6.88200879090392,
      "chi2_total": 1676.662372943113,
      "w0": -1.0058135300331363,
      "wa": 0.28105550632662063,
      "phantom_cross": false,
      "gamma_minus_one": 0.0,
      "theory_score": 6,
      "sqmh_sign_condition": "nu_eff<0 for w_a<0. |\u03bd|<0.03 unitarity bound",
      "notes": "k=\u03beH identification (\u03be=O(1)). Background identical to RVM up to sign convention.",
      "keep": true,
      "failed_K": [],
      "delta_chi2": -0.23257950631909807
    },
    {
      "status": "ok",
      "ID": "C41",
      "name": "Wetterich/Amendola fluid IDE",
      "family": "IDE",
      "Omega_m": 0.348770807101029,
      "h": 0.64,
      "theta": [
        0.05224369780500582
      ],
      "theta_names": [
        "beta"
      ],
      "chi2_bao": 13.28634339550146,
      "chi2_sn": 1640.766743030667,
      "chi2_cmb": 0.1643991336614136,
      "chi2_rsd": 8.438433911212394,
      "chi2_total": 1662.6559194710421,
      "w0": -0.8953932893502256,
      "wa": -0.910218150386871,
      "phantom_cross": false,
      "gamma_minus_one": 0.0,
      "theory_score": 6,
      "sqmh_sign_condition": "beta>0 for w_a<0, bounded |\u03b2|\u22640.05 (toy valid)",
      "notes": "Coupled continuity. Phase 3 \u03b2=0.107 not inheritable (toy linear regime breaks).",
      "keep": true,
      "failed_K": [],
      "delta_chi2": -14.239032978390014
    },
    {
      "status": "ok",
      "ID": "C5r",
      "name": "RVM \u03bd<0 branch",
      "family": "RVM",
      "Omega_m": 0.31070623832555777,
      "h": 0.6794486045944945,
      "theta": [
        0.03
      ],
      "theta_names": [
        "nu"
      ],
      "chi2_bao": 23.603237251672414,
      "chi2_sn": 1643.7374026159948,
      "chi2_cmb": 2.3606275172348945,
      "chi2_rsd": 7.0297272269217945,
      "chi2_total": 1676.730994611824,
      "w0": -1.0048028641795124,
      "wa": 0.17946250246369883,
      "phantom_cross": false,
      "gamma_minus_one": 0.0,
      "theory_score": 6,
      "sqmh_sign_condition": "nu<0 for w_a<0 (G\u00f3mez-Valent-Sol\u00e0 2024)",
      "notes": "L(H^2)=L0+3nu H^2. No scalar d.o.f., gamma=1 exact.",
      "keep": true,
      "failed_K": [],
      "delta_chi2": -0.1639578376082227
    },
    {
      "status": "ok",
      "ID": "C6s",
      "name": "Stringy RVM + CS anomaly",
      "family": "RVM",
      "Omega_m": 0.31070623832555777,
      "h": 0.6794486045944945,
      "theta": [
        0.03
      ],
      "theta_names": [
        "nu_s"
      ],
      "chi2_bao": 23.603237251672414,
      "chi2_sn": 1643.7374026159948,
      "chi2_cmb": 2.3606275172348945,
      "chi2_rsd": 7.0297272269217945,
      "chi2_total": 1676.730994611824,
      "w0": -1.0048028641795124,
      "wa": 0.17946250246369883,
      "phantom_cross": false,
      "gamma_minus_one": 0.0,
      "theory_score": 5,
      "sqmh_sign_condition": "nu<0; CS vanishes in Schwarzschild",
      "notes": "Background = RVM. CS b R R-tilde is Kerr-only.",
      "keep": true,
      "failed_K": [],
      "delta_chi2": -0.1639578376082227
    },
    {
      "status": "ok",
      "ID": "C26",
      "name": "Perez-Sudarsky unimodular diffusion",