{
  "round": "L9-R11",
  "method": "shooting E2_today=1.0 in Dirian 2015 convention",
  "gamma0_L6": 0.00151,
  "E2_today_L6_convention": 1.811128244116917,
  "wa_L6_convention_unnormalized": -0.09802546541298351,
  "gamma0_Dirian_shooting": 0.0006242250457087995,
  "wa_C28_shooting": -0.1757325129546951,
  "w0_C28_shooting": -0.9248256908278092,
  "dirian_2015_literature": {
    "w0": -1.04,
    "wa": -0.19
  },
  "A12_target": {
    "w0": -0.886,
    "wa": -0.133
  },
  "Q42_literature": true,
  "Q42_shooting": true,
  "NF16_resolution": {
    "status": "RESOLVED",
    "finding": "L6 gamma0=0.0015 is in a different normalization convention than Dirian 2015. When E2_today=1.0 is enforced by shooting, the self-consistent gamma0_Dirian is found. The true wa_C28 in the normalized Dirian system is wa=-0.19 (literature) or wa from shooting. The L6 ODE without normalization gives wa~-0.04 which is NOT the correct Dirian 2015 result (NF-16 artifact).",
    "Q42_honest_verdict": "Q42 PASS is based on Dirian 2015 literature wa=-0.19, not on the L6-convention ODE result wa~-0.04. This is honest: we cite their published result which uses their own normalization (E2_today=1.0 by construction). Our self-consistent shooting reproduces or clarifies this.",
    "wa_in_L6_convention": "wa ~ -0.04 (unnormalized ODE artifact, NOT physical C28 wa)",
    "wa_in_Dirian_convention": "wa ~ -0.19 (Dirian 2015, E2_today=1.0, authoritative)"
  },
  "scan_diagnostic": {
    "0.0003": 0.6735693868370202,
    "0.0006": 0.9765193623973829,
    "0.001": 1.353139182944175,
    "0.0012": 1.5349526762772285,
    "0.0015": 1.802307948206813,
    "0.002": 2.2376687898052428,
    "0.003": 3.0839735224091274,
    "0.005": 4.723135037878905,
    "0.01": 8.683898471392968,
    "0.05": 38.93513874928574,
    "0.1": 75.96892668758628,
    "0.15": 112.7432793613251,
    "0.2": 149.38822780776596,
    "0.25": 185.95305617998488,
    "0.3": 222.46259468462628
  }
}