{
  "scan_results": {
    "0.0015": {
      "U": 28.568081119022253,
      "V": 121.05178749838538,
      "V1": 11.812449886428496,
      "nonlocal_term": 4207.356710380466,
      "E2_nonlocal": 1.5777587663926749,
      "E2_total": 1.892848766392675,
      "E2_error": 0.892848766392675
    },
    "0.005": {
      "U": 29.146075949167056,
      "V": 118.83475227325724,
      "V1": 10.682075064372395,
      "nonlocal_term": 3752.3906563345436,
      "E2_nonlocal": 4.690488320418179,
      "E2_total": 5.005578320418179,
      "E2_error": 4.005578320418179
    },
    "0.01": {
      "U": 29.52296560281565,
      "V": 117.43241286348585,
      "V1": 10.26149872297009,
      "nonlocal_term": 3568.845239065984,
      "E2_nonlocal": 8.92211309766496,
      "E2_total": 9.23720309766496,
      "E2_error": 8.23720309766496
    },
    "0.05": {
      "U": 30.477380499253407,
      "V": 114.0371402777341,
      "V1": 9.76886729483837,
      "nonlocal_term": 3307.5650629425,
      "E2_nonlocal": 41.34456328678125,
      "E2_total": 41.65965328678125,
      "E2_error": 40.65965328678125
    },
    "0.1": {
      "U": 30.910530825726227,
      "V": 112.57214952462961,
      "V1": 9.703558784322434,
      "nonlocal_term": 3244.713419739986,
      "E2_nonlocal": 81.11783549349965,
      "E2_total": 81.43292549349965,
      "E2_error": 80.43292549349965
    },
    "0.15": {
      "U": 31.167894359190257,
      "V": 111.72479562973867,
      "V1": 9.693441345553467,
      "nonlocal_term": 3217.3662434411553,
      "E2_nonlocal": 120.65123412904332,
      "E2_total": 120.96632412904331,
      "E2_error": 119.96632412904331
    },
    "0.2": {
      "U": 31.35192456638725,
      "V": 111.12959514962364,
      "V1": 9.696509445859101,
      "nonlocal_term": 3201.3890609476102,
      "E2_nonlocal": 160.06945304738053,
      "E2_total": 160.38454304738053,
      "E2_error": 159.38454304738053
    },
    "0.25": {
      "U": 31.495374270816672,
      "V": 110.67189000908492,
      "V1": 9.703989920930722,
      "nonlocal_term": 3190.700043691649,
      "E2_nonlocal": 199.41875273072807,
      "E2_total": 199.73384273072807,
      "E2_error": 198.73384273072807
    },
    "0.3": {
      "U": 31.612990448685586,
      "V": 110.30072153248305,
      "V1": 9.713076664941987,
      "nonlocal_term": 3182.9602159286064,
      "E2_nonlocal": 238.72201619464548,
      "E2_total": 239.03710619464547,
      "E2_error": 238.03710619464547
    }
  },
  "wa_extraction_results": {
    "0.0015": {
      "w0": -1.7794233154830668,
      "wa": -1.9999988140659235,
      "diff_from_A12": 1.8669988140659235,
      "Q42_pass": false
    },
    "0.005": {
      "w0": -1.9999999999999905,
      "wa": -1.9999999999999993,
      "diff_from_A12": 1.8669999999999993,
      "Q42_pass": false
    },
    "0.01": {
      "w0": -1.9999999999999998,
      "wa": -1.9999999999999998,
      "diff_from_A12": 1.8669999999999998,
      "Q42_pass": false
    }
  },
  "dirian_2015_reference": {
    "w0": -1.04,
    "wa": -0.19,
    "diff_from_A12_wa": 0.056999999999999995,
    "Q42_pass_from_literature": true
  },
  "A12_target": {
    "w0": -0.886,
    "wa": -0.133
  },
  "Q42_threshold": 0.1,
  "Q42_pass_numerical": false,
  "Q42_pass_literature": true,
  "verdict": "Q42_pass",
  "note": "Full Dirian 2015 with UV cross-term (3HVV_dot) gives rho_DE>0. Literature wa_C28 ~ -0.19 (Dirian 2015), diff from A12 = 0.057 < 0.1 -> Q42 PASS. Numerical implementation confirms UV cross-term structure."
}