{
  "scan_results": {
    "0.00030": {
      "w0": -0.9591758030373562,
      "wa": -0.14797626618746818,
      "diff_A12": 0.014976266187468168,
      "E2_today": 0.694897730428683,
      "in_L6": false
    },
    "0.00042": {
      "w0": -0.9516554106152443,
      "wa": -0.13949280664759667,
      "diff_A12": 0.006492806647596661,
      "E2_today": 0.8272001708675664,
      "in_L6": false
    },
    "0.00054": {
      "w0": -0.9482016653982047,
      "wa": -0.12694691878851505,
      "diff_A12": 0.006053081211484956,
      "E2_today": 0.9547395122558161,
      "in_L6": false
    },
    "0.00066": {
      "w0": -0.9467874829325821,
      "wa": -0.11348960163372035,
      "diff_A12": 0.019510398366279658,
      "E2_today": 1.0788967178044173,
      "in_L6": false
    },
    "0.00078": {
      "w0": -0.9465489056503354,
      "wa": -0.10019180571758968,
      "diff_A12": 0.03280819428241033,
      "E2_today": 1.200493910630072,
      "in_L6": false
    },
    "0.00090": {
      "w0": -0.9468229128222253,
      "wa": -0.08789028250587205,
      "diff_A12": 0.045109717494127954,
      "E2_today": 1.3200665679864012,
      "in_L6": false
    },
    "0.00102": {
      "w0": -0.9475390358281081,
      "wa": -0.07635413462268903,
      "diff_A12": 0.05664586537731098,
      "E2_today": 1.4379862292308845,
      "in_L6": false
    },
    "0.00114": {
      "w0": -0.9484821950727936,
      "wa": -0.06572597633008481,
      "diff_A12": 0.0672740236699152,
      "E2_today": 1.5545230802580563,
      "in_L6": true
    },
    "0.00126": {
      "w0": -0.9495601975241095,
      "wa": -0.05596441933370766,
      "diff_A12": 0.07703558066629235,
      "E2_today": 1.6698808595366006,
      "in_L6": true
    },
    "0.00138": {
      "w0": -0.9507152274941199,
      "wa": -0.04700542747465586,
      "diff_A12": 0.08599457252534415,
      "E2_today": 1.784217698530802,
      "in_L6": true
    },
    "0.00151": {
      "w0": -0.9519101701864913,
      "wa": -0.03877854083700161,
      "diff_A12": 0.0942214591629984,
      "E2_today": 1.897659250783505,
      "in_L6": true
    },
    "0.00163": {
      "w0": -0.9531208088291058,
      "wa": -0.03121442479644898,
      "diff_A12": 0.10178557520355103,
      "E2_today": 2.0103073306708605,
      "in_L6": true
    },
    "0.00175": {
      "w0": -0.954331189944638,
      "wa": -0.02424820831907981,
      "diff_A12": 0.1087517916809202,
      "E2_today": 2.1222458057683653,
      "in_L6": true
    },
    "0.00187": {
      "w0": -0.9555307760637634,
      "wa": -0.01782074598528638,
      "diff_A12": 0.11517925401471363,
      "E2_today": 2.2335447394126233,
      "in_L6": true
    },
    "0.00199": {
      "w0": -0.9567126459577483,
      "wa": -0.011878859658317698,
      "diff_A12": 0.12112114034168231,
      "E2_today": 2.344263379236415,
      "in_L6": false
    },
    "0.00211": {
      "w0": -0.9578723290400281,
      "wa": -0.006375094408177073,
      "diff_A12": 0.12662490559182293,
      "E2_today": 2.4544523617441985,
      "in_L6": false
    },
    "0.00223": {
      "w0": -0.9590070346197385,
      "wa": -0.0012672626277836496,
      "diff_A12": 0.13173273737221636,
      "E2_today": 2.5641553704894733,
      "in_L6": false
    },
    "0.00235": {
      "w0": -0.9601151330786727,
      "wa": 0.003482083489957155,
      "diff_A12": 0.13648208348995716,
      "E2_today": 2.673410404784132,
      "in_L6": false
    },
    "0.00247": {
      "w0": -0.9611958012550711,
      "wa": 0.007906180844986954,
      "diff_A12": 0.14090618084498696,
      "E2_today": 2.78225076524385,
      "in_L6": false
    },
    "0.00259": {
      "w0": -0.9622487768888096,
      "wa": 0.012034552307811808,
      "diff_A12": 0.14503455230781181,
      "E2_today": 2.890705829799956,
      "in_L6": false
    },
    "0.00271": {
      "w0": -0.9632741867169471,
      "wa": 0.015893457671733113,
      "diff_A12": 0.14889345767173312,
      "E2_today": 2.998801672198314,
      "in_L6": false
    },
    "0.00283": {
      "w0": -0.9642724250377946,
      "wa": 0.019506294906421084,
      "diff_A12": 0.1525062949064211,
      "E2_today": 3.106561560397807,
      "in_L6": false
    },
    "0.00295": {
      "w0": -0.9652440673117065,
      "wa": 0.02289395304221009,
      "diff_A12": 0.1558939530422101,
      "E2_today": 3.2140063622109243,
      "in_L6": false
    },
    "0.00307": {
      "w0": -0.9661898083630486,
      "wa": 0.02607512038754778,
      "diff_A12": 0.15907512038754779,
      "E2_today": 3.321154878461744,
      "in_L6": false
    },
    "0.00319": {
      "w0": -0.967110418031123,
      "wa": 0.0290665526944911,
      "diff_A12": 0.1620665526944911,
      "E2_today": 3.428024118897605,
      "in_L6": false
    },
    "0.00331": {
      "w0": -0.9680067093053187,
      "wa": 0.03188330603381462,
      "diff_A12": 0.16488330603381463,
      "E2_today": 3.5346295324430472,
      "in_L6": false
    },
    "0.00343": {
      "w0": -0.9688795154596764,
      "wa": 0.034538938905134486,
      "diff_A12": 0.1675389389051345,
      "E2_today": 3.640985200709558,
      "in_L6": false
    },
    "0.00355": {
      "w0": -0.9697296737155249,
      "wa": 0.03704568769740568,
      "diff_A12": 0.1700456876974057,
      "E2_today": 3.747104001687478,
      "in_L6": false
    },
    "0.00367": {
      "w0": -0.9705580136643337,
      "wa": 0.0394146191576672,
      "diff_A12": 0.1724146191576672,
      "E2_today": 3.852997749054001,
      "in_L6": false
    },
    "0.00379": {
      "w0": -0.9713653491750683,
      "wa": 0.041655763055679085,
      "diff_A12": 0.1746557630556791,
      "E2_today": 3.958677311397457,
      "in_L6": false
    },
    "0.00392": {
      "w0": -0.972152472858859,
      "wa": 0.04377822780901375,
      "diff_A12": 0.17677822780901375,
      "E2_today": 4.0641527147896,
      "in_L6": false
    },
    "0.00404": {
      "w0": -0.9729201524124409,
      "wa": 0.045790301438366265,
      "diff_A12": 0.17879030143836627,
      "E2_today": 4.16943323146495,
      "in_L6": false
    },
    "0.00416": {
      "w0": -0.9736691283427318,
      "wa": 0.04769953989362685,
      "diff_A12": 0.18069953989362686,
      "E2_today": 4.274527456841311,
      "in_L6": false
    },
    "0.00428": {
      "w0": -0.974400112702228,
      "wa": 0.0495128444826034,
      "diff_A12": 0.1825128444826034,
      "E2_today": 4.379443376703236,
      "in_L6": false
    },
    "0.00440": {
      "w0": -0.9751137885634134,
      "wa": 0.0512365298945785,
      "diff_A12": 0.1842365298945785,
      "E2_today": 4.484188426042505,
      "in_L6": false
    },
    "0.00452": {
      "w0": -0.9758108100270423,
      "wa": 0.05287638408394768,
      "diff_A12": 0.1858763840839477,
      "E2_today": 4.58876954078882,
      "in_L6": false
    },
    "0.00464": {
      "w0": -0.9764918026131892,
      "wa": 0.05443772110157341,
      "diff_A12": 0.18743772110157342,
      "E2_today": 4.693193203453863,
      "in_L6": false
    },
    "0.00476": {
      "w0": -0.9771573639213603,
      "wa": 0.05592542780105636,
      "diff_A12": 0.18892542780105637,
      "E2_today": 4.797465483542252,
      "in_L6": false
    },
    "0.00488": {
      "w0": -0.9778080644744186,
      "wa": 0.05734400521683325,
      "diff_A12": 0.19034400521683326,
      "E2_today": 4.901592073445063,
      "in_L6": false
    },
    "0.00500": {
      "w0": -0.9784444486840433,
      "wa": 0.05856087420670342,
      "diff_A12": 0.19156087420670342,
      "E2_today": 5.005578320418179,
      "in_L6": false
    }
  },
  "Q45_verdict": {
    "Q45_in_L6_range": false,
    "Q45_full_scan": true,
    "verdict": "FAIL",
    "reason": "wa from ODE ~ -0.03 at gamma0=0.0015 (convention issue). Dirian 2015 literature wa=-0.19 gives |\u0394wa|=0.057 (Q42 only). Neither achieves Q45 criterion |wa-A12| < 0.03 in L6 range."
  }
}