{
  "H0_kmsmpc": 67.4,
  "a0_sqt": 1.0421903092736491e-10,
  "a0_mcgaugh": 1.2e-10,
  "upsilon_default": 0.5,
  "n_catalog": 175,
  "rar_n_galaxies": 163,
  "rar_n_points": 3262,
  "channel_A": {
    "channel": "A_full_RAR",
    "n_pts": 3262,
    "n_gal": 163,
    "fit_simple": {
      "a0": 1.1455291354507992e-10,
      "log10_a0": -9.940993860464461,
      "extra": [],
      "chi2": 24864.405423236127,
      "dof": 3261,
      "rchi2": 7.624779338618867,
      "n": 3262,
      "ratio_vs_sqt": 1.0991554280035205,
      "ratio_vs_mcgaugh": 0.954607612875666,
      "within_factor_1p5_sqt": true
    },
    "fit_mcgaugh": {
      "a0": 1.1754376632567417e-10,
      "log10_a0": -9.929800397778063,
      "extra": [],
      "chi2": 24916.576648796217,
      "dof": 3261,
      "rchi2": 7.64077787451586,
      "n": 3262,
      "ratio_vs_sqt": 1.1278531884219485,
      "ratio_vs_mcgaugh": 0.9795313860472847,
      "within_factor_1p5_sqt": true
    },
    "fit_powerlaw": {
      "a0": 1.238999669226588e-10,
      "log10_a0": -9.906928809566702,
      "extra": [
        1.4663405119425224
      ],
      "chi2": 25020.683095075026,
      "dof": 3260,
      "rchi2": 7.675056164133443,
      "n": 3262,
      "ratio_vs_sqt": 1.1888420552385526,
      "ratio_vs_mcgaugh": 1.0324997243554899,
      "within_factor_1p5_sqt": true
    }
  },
  "channel_B": {
    "channel": "B_outer_only",
    "n_pts_after_cut": 1218,
    "a0_deep_MOND": 1.3419722769722012e-10,
    "log10_a0_mean": -9.87225645591245,
    "log10_a0_sigma_boot": 0.010609842340977229,
    "ratio_vs_sqt": 1.2876460901919957,
    "ratio_vs_mcgaugh": 1.1183102308101676,
    "sigma_distance_sqt": 10.348552783652762,
    "within_factor_1p5_sqt": true
  },
  "channel_C": {
    "channel": "C_upsilon_refit",
    "q_max": 2,
    "scan": [
      {
        "ups": 0.3,
        "n_pts": 3262,
        "n_gal": 163,
        "a0": 2.1108670225808013e-10,
        "chi2": 34420.460983566074,
        "rchi2": 10.555185827527161
      },
      {
        "ups": 0.35,
        "n_pts": 3262,
        "n_gal": 163,
        "a0": 1.7709931821498106e-10,
        "chi2": 30141.55581514034,
        "rchi2": 9.243040728347237
      },
      {
        "ups": 0.4,
        "n_pts": 3262,
        "n_gal": 163,
        "a0": 1.5116216889415364e-10,
        "chi2": 27301.996128685503,
        "rchi2": 8.37227725504002
      },
      {
        "ups": 0.45,
        "n_pts": 3262,
        "n_gal": 163,
        "a0": 1.3083253925166303e-10,
        "chi2": 25609.953290714722,
        "rchi2": 7.853404872957596
      },
      {
        "ups": 0.5,
        "n_pts": 3262,
        "n_gal": 163,
        "a0": 1.1455291354507992e-10,
        "chi2": 24864.405423236127,
        "rchi2": 7.624779338618867
      },
      {
        "ups": 0.55,
        "n_pts": 3262,
        "n_gal": 163,
        "a0": 1.0128377958258146e-10,
        "chi2": 24918.55066113413,
        "rchi2": 7.641383214085903
      },
      {
        "ups": 0.6000000000000001,
        "n_pts": 3262,
        "n_gal": 163,
        "a0": 9.030573096896476e-11,
        "chi2": 25660.20824147121,
        "rchi2": 7.868815774753514
      },
      {
        "ups": 0.65,
        "n_pts": 3262,
        "n_gal": 163,
        "a0": 8.110594413466423e-11,
        "chi2": 27000.576201194533,
        "rchi2": 8.279845507879342
      },
      {
        "ups": 0.7,
        "n_pts": 3262,
        "n_gal": 163,
        "a0": 7.331034526110985e-11,
        "chi2": 28867.40013181031,
        "rchi2": 8.852315281143916
      },
      {
        "ups": 0.75,
        "n_pts": 3262,
        "n_gal": 163,
        "a0": 6.66389245914344e-11,
        "chi2": 31200.611000143585,
        "rchi2": 9.567804661190918
      },
      {
        "ups": 0.8,
        "n_pts": 3262,
        "n_gal": 163,
        "a0": 6.087965011115809e-11,
        "chi2": 33949.41621342077,
        "rchi2": 10.410737875934
      }
    ],
    "best": {
      "ups": 0.5,
      "n_pts": 3262,
      "n_gal": 163,
      "a0": 1.1455291354507992e-10,
      "chi2": 24864.405423236127,
      "rchi2": 7.624779338618867
    },
    "best_ups": 0.5,
    "best_a0": 1.1455291354507992e-10,
    "ratio_vs_sqt": 1.0991554280035205,
    "breaks_ups_05_degeneracy": false
  },
  "channel_D": {
    "channel": "D_nonmonotonic_deviation",
    "a0_used": 1.0421903092736491e-10,
    "n_bins": 12,
    "bin_centers_log_gbar": [
      -12.157088176421144,
      -11.80727976583891,
      -11.457471355256676,
      -11.107662944674445,
      -10.75785453409221,
      -10.408046123509976,
      -10.058237712927745,
      -9.708429302345511,
      -9.358620891763277,
      -9.008812481181046,
      -8.659004070598812,
      -8.309195660016577
    ],
    "bin_mean_residual_dex": [
      0.04355910282159863,
      -0.0147192769625556,
      -0.03846230415967499,
      -0.005193840297337612,
      0.016807637077460837,
      0.01077445664920493,
      0.00850096362905495,
      -0.012162852019745103,
      -0.03070793721935054,
      -0.019358317683318114,
      0.015310487450096279,
      0.01528211587034208
    ],
    "bin_sigma_dex": [
      0.054846356472472706,
      0.025717538808075383,
      0.008635781665745275,
      0.007059747201455958,
      0.006826358531837107,
      0.007116923816149942,
      0.008433176864508295,
      0.009993019554294408,
      0.011303192026373301,
      0.011901724775581431,
      0.03213991031849499,
      0.049639122020182246
    ],
    "bin_n": [
      11,
      92,
      484,
      704,
      483,
      437,
      379,
      294,
      196,
      111,
      55,
      15
    ],
    "max_abs_residual_dex": 0.04355910282159863,
    "max_residual_at_log_gbar": -12.157088176421144,
    "sign_changes": 4,
    "max_dev_sigma": 0.7942023066465841,
    "nonmonotonic_evidence": false
  },
  "verdict": {
    "A_full_RAR_pass": true,
    "B_deepMOND_pass": true,
    "C_ups_refit_breaks_degeneracy": false,
    "D_sqt_nonmonotonic_signal": false,
    "ANY_REVIVAL_CHANNEL_PASS": true
  }
}