{
  "A01_w0": -0.8990077094662227,
  "A01_wa": -0.1131785524207633,
  "ODE_exact_w0": -1.4999999999999982,
  "ODE_exact_wa": 1.3205206541678391,
  "nonequil_delta_0.05": {
    "w0": -1.4999999999999998,
    "wa": -1.837526634010179
  },
  "nonequil_delta_0.1": {
    "w0": -1.4999999999999998,
    "wa": -2.1392574950715564
  },
  "nonequil_delta_0.2": {
    "w0": -1.4999999999999998,
    "wa": -2.2961320744180407
  },
  "nonequil_delta_0.5": {
    "w0": -1.4999999999999998,
    "wa": -2.3917364474830225
  },
  "nonequil_delta_1.0": {
    "w0": -1.4999999999999998,
    "wa": -2.4238149172092123
  },
  "radiation_w0": -1.4999999999999982,
  "radiation_wa": 1.3212783510052457,
  "G0_scan_wa_min": -1.5305431624756536,
  "G0_scan_wa_min_G0": 0.1,
  "G0_scan_values": [
    0.1,
    0.3020408163265306,
    0.5040816326530613,
    0.7061224489795919,
    0.9081632653061225,
    1.1102040816326533,
    1.3122448979591839,
    1.5142857142857145,
    1.716326530612245,
    1.9183673469387756,
    2.1204081632653065,
    2.322448979591837,
    2.5244897959183676,
    2.7265306122448982,
    2.928571428571429,
    3.1306122448979594,
    3.33265306122449,
    3.5346938775510206,
    3.736734693877551,
    3.938775510204082,
    4.140816326530612,
    4.3428571428571425,
    4.544897959183674,
    4.746938775510204,
    4.948979591836735,
    5.151020408163265,
    5.353061224489796,
    5.555102040816326,
    5.757142857142857,
    5.959183673469387,
    6.161224489795918,
    6.3632653061224485,
    6.5653061224489795,
    6.7673469387755105,
    6.969387755102041,
    7.171428571428572,
    7.373469387755102,
    7.575510204081633,
    7.777551020408163,
    7.979591836734694,
    8.181632653061225,
    8.383673469387755,
    8.585714285714285,
    8.787755102040816,
    8.989795918367347,
    9.191836734693878,
    9.393877551020408,
    9.595918367346938,
    9.79795918367347,
    10.0
  ],
  "wa_scan_values": [
    -1.5305431624756536,
    -0.25542007562200775,
    0.4676602242342366,
    0.9412567166625583,
    1.2873539426276763,
    1.5581668201863872,
    1.7798159417708115,
    1.9670237063761196,
    1.9999999999999998,
    1.9999999999999996,
    1.9999999999999993,
    1.9999999999999991,
    1.999999999999999,
    1.9999999999999984,
    1.9999999999999973,
    1.9999999999999907,
    1.9999999999999585,
    1.9999999999998042,
    1.9999999999999998,
    1.9999999999999998,
    1.9999999999999998,
    1.9999999999999316,
    1.9999999999999998,
    1.9473860917421135,
    1.8758608696917156,
    1.8063887335971824,
    1.738878579673038,
    1.673241282360274,
    1.6093918275597678,
    1.5472494974223676,
    1.4867366570402842,
    1.4277801440766555,
    1.3703105675781726,
    1.3142621165579607,
    1.2595733445044925,
    1.2061851366396819,
    1.1540422214246084,
    1.1030924550594492,
    1.0532864682428378,
    1.0045775863458721,
    0.9569217308313643,
    0.9793607558090166,
    1.0093959368902619,
    1.0386675956606193,
    1.067213059457056,
    1.0950670006516525,
    1.1222616820023639,
    1.1488271728670445,
    1.1747915456231908,
    1.2001810444517422
  ],
  "wa_a01_ref": -0.133,
  "wa_desi": -0.83,
  "best_wa_achieved": -2.4238149172092123,
  "wa_correction_beyond_A01": 2.2908149172092123,
  "verdict": "Q83 TRIGGERED: wa correction >= 0.3. Partial gap closure possible.",
  "k83_triggered": false,
  "q83_triggered": true
}