{
  "candidate": "C6s",
  "name": "Stringy RVM + Chern-Simons anomaly",
  "backend": "emcee",
  "param_names": [
    "Omega_m",
    "h",
    "nu_s"
  ],
  "nwalkers": 24,
  "nsteps": 500,
  "nburn": 150,
  "seed": 42,
  "n_samples": 840,
  "means": [
    0.3303578876318607,
    0.6563648536983616,
    0.007413885605897773
  ],
  "stds": [
    0.0035657352941833274,
    0.004168658673958155,
    0.0019186892236406523
  ],
  "rhat": [
    1.0989075571172462,
    1.0629173200749715,
    1.0809979314022566
  ],
  "nu_s_median": 0.00778991359427426,
  "nu_s_1sigma": [
    0.00559648712045531,
    0.009298118703220734
  ],
  "nu_s_2sigma": [
    0.002976784298666851,
    0.009902843364474155
  ],
  "prior_bounds": [
    -0.03,
    0.01
  ],
  "posterior_at_boundary": true,
  "best_fit": {
    "Omega_m": 0.3325244157047128,
    "h": 0.6537262806965658,
    "nu_s": 0.00904377197123417,
    "chi2_bao": 18.64940132970751,
    "chi2_sn": 1641.657982337729,
    "chi2_cmb": 0.1428882376819984,
    "chi2_rsd": 7.736719616442789,
    "chi2_total": 1668.1869915215611
  }
}