{
  "n_candidates": 15,
  "n_z_points": 201,
  "singular_values": [
    1.748408688532039,
    0.16165648034931973,
    0.012555610947074202,
    0.0017050718459044273,
    5.638561709104392e-05,
    8.82230695926128e-06,
    1.1104856065842974e-06,
    1.0614517014168099e-07,
    4.2984546701656e-09,
    6.552543262858332e-10,
    2.5236429476397692e-11,
    2.4661568548780495e-12,
    1.4618623882833648e-13,
    8.323306460018253e-15,
    2.4064267468047107e-15
  ],
  "variance_fractions": [
    0.9914721240484226,
    0.008475802610753345,
    5.112935289746895e-05,
    9.429311065516083e-07,
    1.0311723796089308e-09,
    2.5244043792178464e-11,
    3.9996359558953654e-13,
    3.654223205886886e-15,
    5.992655313546495e-18,
    1.3925615197721903e-19,
    2.065619931608396e-22,
    1.972586185419097e-24,
    6.931186441955463e-27,
    2.2469135697329503e-29,
    1.8781915755149482e-30
  ],
  "cumulative_variance": [
    0.9914721240484226,
    0.9999479266591759,
    0.9999990560120733,
    0.9999999989431798,
    0.9999999999743522,
    0.9999999999995962,
    0.9999999999999962,
    0.9999999999999999,
    0.9999999999999999,
    0.9999999999999999,
    0.9999999999999999,
    0.9999999999999999,
    0.9999999999999999,
    0.9999999999999999,
    0.9999999999999999
  ],
  "n_eff_99": 1,
  "n_eff_999": 2,
  "n_eff_participation_ratio": 1.0172020931767192,
  "principal_mode1_shape": [
    4.5008285875289527e-17,
    -0.005102415742899246,
    -0.009995446617056675,
    -0.014686206675028958,
    -0.019181546315687612,
    -0.023488066465540382,
    -0.027612131651196064,
    -0.03155988206283029,
    -0.03533724469902185,
    -0.03894994367482798,
    -0.0424035097673678,
    -0.04570328926628335,
    -0.04885445219029081,
    -0.05186199992543384,
    -0.05473077233561267,
    -0.0574654543913931,
    -0.06007058235895059,
    -0.06255054958726369,
    -0.06490961192824317,
    -0.06715189282138168,
    -0.06928138807169087,
    -0.07130197034711683,
    -0.07321739341926697,
    -0.07503129616916607,
    -0.07674720637778576,
    -0.07836854431931914,
    -0.07989862617354845,
    -0.08134066727216115,
    -0.08269778519251973,
    -0.08397300271114767,
    -0.08516925062806545,
    -0.08628937047207928,
    -0.08733611709617828,
    -0.08831216117134241,
    -0.08922009158628176,
    -0.09006241775990015,
    -0.09084157187265039,
    -0.09155991102233364,
    -0.09221971930937192,
    -0.09282320985609548,
    -0.09337252676413305,
    -0.09386974701360694,
    -0.0943168823074594,
    -0.09471588086391722,
    -0.09506862915979913,
    -0.09537695362711045,
    -0.09564262230512355,
    -0.09586734644992849,
    -0.09605278210324827,
    -0.09620053162213525,
    -0.09631214517101076,
    -0.09638912217737965,
    -0.09643291275241564,
    -0.09644491907751972,
    -0.09642649675784168,
    -0.09637895614368491,
    -0.0963035636206285,
    -0.09620154286914108,
    -0.09607407609440047,
    -0.09592230522698292,
    -0.09574733309504908,
    -0.095550224568601,
    -0.09533200767637137,
    -0.09509367469586005,
    -0.09483618321702386,
    -0.09456045718009534,
    -0.09426738788799569,
    -0.09395783499378596,
    -0.09363262746359824,
    -0.09329256451546805,
    -0.09293841653448967,
    -0.09257092596470254,
    -0.09219080817811923,
    -0.09179875232129091,
    -0.09139542213981326,
    -0.09098145678116545,
    -0.09055747157627458,
    -0.09012405880019868,
    -0.08968178841231512,
    -0.08923120877640354,
    -0.08877284736100959,
    -0.08830721142047285,
    -0.08783478865700722,
    -0.08735604786421135,
    -0.08687143955239131,
    -0.08638139655607915,
    -0.08588633462411852,
    -0.08538665299269801,
    -0.0848827349417035,
    -0.08437494833476106,
    -0.08386364614333937,
    -0.08334916695527508,
    -0.08283183546808971,
    -0.08231196296744786,
    -0.08178984779112208,
    -0.08126577577880865,
    -0.08074002070815035,
    -0.08021284471729948,
    -0.07968449871437182,
    -0.07915522277411975,
    -0.07862524652215544,
    -0.07809478950705272,
    -0.07756406156064495,
    -0.07703326314683628,
    -0.07650258569923646,
    -0.07597221194792188,
    -0.07544231623562647,
    -0.07491306482365087,
    -0.07438461618778662,
    -0.07385712130452682,
    -0.07333072392785349,
    -0.07280556085686116,
    -0.07228176219449242,
    -0.07175945159763804,
    -0.07123874651886233,
    -0.0707197584399978,
    -0.07020259309785382,
    -0.06968735070228028,
    -0.06917412614681022,
    -0.06866300921211642,
    -0.06815408476249661,
    -0.06764743293560657,
    -0.06714312932564563,
    -0.06664124516020693,
    -0.0661418474709844,
    -0.06564499925853222,
    -0.06515075965127196,
    -0.06465918405891652,
    -0.06417032432050937,
    -0.06368422884723395,
    -0.06320094276017467,
    -0.06272050802318734,
    -0.062242963571043794,
    -0.06176834543299942,
    -0.06129668685194034,
    -0.06082801839925073,
    -0.060362368085547784,
    -0.05989976146741652,
    -0.05944022175028256,
    -0.05898376988754939,
    -0.05853042467612683,
    -0.05808020284847364,
    -0.05763311916126834,
    -0.05718918648083077,
    -0.056748415865392636,
    -0.05631081664433903,
    -0.0558763964945142,
    -0.055445161513695516,
    -0.055017116291334704,
    -0.05459226397666144,
    -0.054170606344235935,
    -0.05375214385704296,
    -0.05333687572721522,
    -0.05292479997446094,
    -0.05251591348228417,
    -0.052110212052072585,
    -0.05170769045512317,
    -0.051308342482687015,
    -0.05091216099409444,
    -0.05051913796303618,
    -0.05012926452205891,
    -0.049742531005344565,
    -0.04935892698983133,
    -0.04897844133473498,
    -0.04860106221953028,
    -0.0482267771804469,
    -0.047855573145529746,
    -0.04748743646832125,
    -0.047122352960211306,
    -0.04676030792150176,
    -0.04640128617123897,
    -0.04604527207584757,
    -0.04569224957662162,
    -0.045342202216104806,
    -0.044995113163406264,
    -0.04465096523848685,
    -0.04430974093545707,
    -0.04397142244491978,
    -0.043635991675395135,
    -0.04330343027385949,
    -0.04297371964543241,
    -0.04264684097224351,
    -0.04232277523150704,
    -0.04200150321283606,
    -0.0416830055348247,
    -0.04136726266092195,
    -0.04105425491462805,
    -0.04074396249403713,
    -0.04043636548574779,
    -0.04013144387816963,
    -0.03982917757424671,
    -0.039529546403617215,
    -0.03923253013423561,
    -0.038938108483472955,
    -0.03864626112872041,
    -0.038356967717504575,
    -0.03807020787714872,
    -0.03778596122398284,
    -0.037504207372126556,
    -0.037224925941861615,
    -0.03694809656760683
  ],