{
  "z": [
    10.0,
    12.0,
    15.0,
    17.0
  ],
  "scenarios": {
    "LCDM": {
      "E_of_z": [
        20.49268162052004,
        26.31995440725534,
        35.92944474939739,
        42.86916141003927
      ],
      "dTb_mK": [
        -28.198675568483157,
        -30.655192278004062,
        -34.00888234386196,
        -36.071866988880366
      ],
      "params": {
        "w0": -1.0,
        "wa": 0.0
      }
    },
    "SQT_minimal": {
      "E_of_z": [
        20.49268162052004,
        26.31995440725534,
        35.92944474939739,
        42.86916141003927
      ],
      "dTb_mK": [
        -28.198675568483157,
        -30.655192278004062,
        -34.00888234386196,
        -36.071866988880366
      ],
      "params": {
        "w0": -1.0,
        "wa": 0.0
      }
    },
    "SQT_DR3_edge": {
      "E_of_z": [
        20.486660165663302,
        26.314892654693402,
        35.92540887102609,
        42.86562823595211
      ],
      "dTb_mK": [
        -28.206963744817532,
        -30.66108890088169,
        -34.012702918686216,
        -36.074840191209724
      ],
      "params": {
        "w0": -1.0,
        "wa": -0.1
      }
    }
  },
  "ska1_sigma_T_mK": {
    "10": 0.5,
    "12": 0.8,
    "15": 1.5
  },
  "differentials_vs_LCDM": {
    "SQT_minimal": {
      "delta_dTb_mK": [
        0.0,
        0.0,
        0.0,
        0.0
      ],
      "rel_diff": [
        -0.0,
        -0.0,
        -0.0,
        -0.0
      ],
      "sigma_detection_per_zbin": [
        0.0,
        0.0,
        0.0,
        null
      ]
    },
    "SQT_DR3_edge": {
      "delta_dTb_mK": [
        -0.008288176334374953,
        -0.005896622877628488,
        -0.0038205748242532422,
        -0.002973202329357605
      ],
      "rel_diff": [
        0.00029392076639366736,
        0.00019235315258027188,
        0.00011234049933260428,
        8.242440931250202e-05
      ],
      "sigma_detection_per_zbin": [
        0.016576352668749905,
        0.00737077859703561,
        0.002547049882835495,
        null
      ]
    }
  },
  "edges_check": {
    "z_centroid": 17.0,
    "observed_dTb_mK": -500.0,
    "standard_max_depth_mK": -200.0,
    "SQT_minimal_H_ratio_at_z17": 1.0,
    "SQT_DR3_edge_H_ratio_at_z17": 1.0000824244093125,
    "verdict": "SQT background channel cannot source the EDGES depth; channel is structurally orthogonal to the anomaly."
  },
  "one_liner": "SQT minimal predicts |delta dTb| / dTb_LCDM ~ 1e-5 at z=10-15 (background channel); SKA1-Low cannot detect this; 21cm is a NULL falsifier for the minimal model."
}