{
  "Om": {
    "median": 0.3071945849145208,
    "lo": 0.006414399863979736,
    "hi": 0.007619151790261458
  },
  "A": {
    "median": 0.08878252894502488,
    "lo": 0.033532942387779596,
    "hi": 0.04112312615005405
  },
  "B": {
    "median": 8.394140101332363,
    "lo": 2.853564022620965,
    "hi": 7.802445455023266
  },
  "logB": {
    "median": 0.9239762134724727,
    "lo": 0.18042129083818137,
    "hi": 0.28544725537842575
  },
  "B_over_A": 94.54720654026545,
  "nwalkers": 32,
  "n_burn": 800,
  "n_prod": 1200,
  "acceptance_mean": 0.55734375
}