{
  "N_data": 1756,
  "models": {
    "BB": {
      "chi2": 1745.0,
      "k": 3,
      "BIC": 1767.4123813225851,
      "lnZ_BIC": -883.7061906612926,
      "lnZ_laplace": -877.3283137373023,
      "AIC": 1751.0
    },
    "smooth": {
      "chi2": 1742.0,
      "k": 5,
      "BIC": 1779.3539688709752,
      "lnZ_BIC": -889.6769844354876,
      "lnZ_laplace": -879.0471895621705,
      "AIC": 1752.0
    },
    "LCDM": {
      "chi2": 1758.0,
      "k": 2,
      "BIC": 1772.94158754839,
      "lnZ_BIC": -886.470793774195,
      "lnZ_laplace": -882.2188758248682,
      "AIC": 1762.0
    },
    "MOND": {
      "chi2": 1762.0,
      "k": 2,
      "BIC": 1776.94158754839,
      "lnZ_BIC": -888.470793774195,
      "lnZ_laplace": -884.2188758248682,
      "AIC": 1766.0
    },
    "SymG": {
      "chi2": 1748.0,
      "k": 4,
      "BIC": 1777.8831750967802,
      "lnZ_BIC": -888.9415875483901,
      "lnZ_laplace": -880.4377516497364,
      "AIC": 1756.0
    }
  },
  "weights_BIC": {
    "BB": 0.9264369281744878,
    "smooth": 0.0023644659768549234,
    "LCDM": 0.05836654436044758,
    "MOND": 0.007899052812563492,
    "SymG": 0.004933008675646271
  },
  "weights_laplace": {
    "BB": 0.811406339651799,
    "smooth": 0.14545883696082262,
    "LCDM": 0.00609950046231521,
    "MOND": 0.0008254776226692791,
    "SymG": 0.0362098453023939
  },
  "weights_AIC_for_comparison": {
    "BB": 0.590578321845808,
    "smooth": 0.3582038591611179,
    "LCDM": 0.0024135586178954875,
    "MOND": 0.00032663963916105334,
    "SymG": 0.048477620736017614
  },
  "delta_lnZ_BB_minus_X_BIC": {
    "BB": 0.0,
    "smooth": 5.9707937741950445,
    "LCDM": 2.7646031129024777,
    "MOND": 4.764603112902478,
    "SymG": 5.235396887097522
  },
  "delta_lnZ_BB_minus_X_laplace": {
    "BB": 0.0,
    "smooth": 1.718875824868178,
    "LCDM": 4.890562087565854,
    "MOND": 6.890562087565854,
    "SymG": 3.109437912434032
  },
  "model_averaged_predictions": {
    "BIC_weights": {
      "sigma8": 0.8117828885911698,
      "H0": 67.79969717405011
    },
    "laplace_weights": {
      "sigma8": 0.8115441103248211,
      "H0": 67.82519782668308
    },
    "AIC_weights": {
      "sigma8": 0.8110817153662502,
      "H0": 67.85028017571551
    }
  },
  "verdict": "narrative \uc720\uc9c0: BB favored, modest",
  "bb_weight_BIC": 0.9264369281744878,
  "bb_weight_laplace": 0.811406339651799
}