{
  "candidate": "C5r",
  "name": "RVM nu<0 branch (Gomez-Valent-Sola 2024)",
  "backend": "emcee",
  "param_names": [
    "Omega_m",
    "h",
    "nu"
  ],
  "nwalkers": 24,
  "nsteps": 400,
  "nburn": 100,
  "seed": 42,
  "n_samples": 720,
  "means": [
    0.3302858486727483,
    0.656345793722704,
    0.007318810464829684
  ],
  "stds": [
    0.00349520446902588,
    0.004110836085384101,
    0.0018983331197938063
  ],
  "rhat": [
    1.1095853596321248,
    1.0711754858214377,
    1.1245608862089362
  ],
  "nu_median": 0.007704266713056716,
  "nu_1sigma": [
    0.005520412489790611,
    0.009140155430123633
  ],
  "nu_2sigma": [
    0.0027872981184018986,
    0.009880199522262099
  ],
  "prior_bounds": [
    -0.03,
    0.01
  ],
  "posterior_at_boundary": true,
  "best_fit": {
    "Omega_m": 0.3325244157047128,
    "h": 0.6537262806965658,
    "nu": 0.00904377197123417,
    "chi2_bao": 18.64940132970751,
    "chi2_sn": 1641.657982337729,
    "chi2_cmb": 0.1428882376819984,
    "chi2_rsd": 7.736719616442789,
    "chi2_total": 1668.1869915215611
  }
}