{
  "status": "ok",
  "candidate": "C5r",
  "name": "RVM nu<0 branch (Gomez-Valent-Sola 2024)",
  "family": "RVM",
  "theta_names": [
    "nu"
  ],
  "Omega_m": 0.3325244157047128,
  "h": 0.6537262806965658,
  "theta": [
    0.00904377197123417
  ],
  "chi2_bao": 18.64940132970751,
  "chi2_sn": 1641.657982337729,
  "chi2_cmb": 0.1428882376819984,
  "chi2_rsd": 7.736719616442789,
  "chi2_total": 1668.1869915215611,
  "delta_chi2_vs_lcdm": -8.707960927871,
  "w0": -0.9806470173566149,
  "wa": -0.14725329411487423,
  "phantom_cross": false,
  "gamma_minus_one": 0.0,
  "c_s_squared": 1.0,
  "theory_score": 6,
  "mcmc": {
    "backend": "emcee",
    "means": [
      0.3302858486727483,
      0.656345793722704,
      0.007318810464829684
    ],
    "stds": [
      0.00349520446902588,
      0.004110836085384101,
      0.0018983331197938063
    ],
    "rhat": [
      1.1095853596321248,
      1.0711754858214377,
      1.1245608862089362
    ],
    "nu_median": 0.007704266713056716,
    "nu_1sigma": [
      0.005520412489790611,
      0.009140155430123633
    ],
    "nu_2sigma": [
      0.0027872981184018986,
      0.009880199522262099
    ],
    "lcdm_in_2sigma": false,
    "prior_bounds": [
      -0.03,
      0.01
    ],
    "posterior_at_boundary": true
  },
  "K_flags": {
    "K1": false,
    "K2": false,
    "K3": false,
    "K4": false,
    "K5": false,
    "K6": false,
    "K7": false,
    "K8": false,
    "K9": true,
    "K10": false,
    "K11": false,
    "K12": false
  },
  "Q_flags": {
    "Q1": false,
    "Q2": true,
    "Q3": true,
    "Q4": true,
    "Q5": true,
    "Q6": true
  },
  "failed_K": [
    "K9"
  ],
  "keep": false,
  "verdict": "Posterior pinned to prior boundary (nu = +0.01 upper edge); unconstrained data prefers nu > 0 which VIOLATES SQMH sign condition (nu < 0). Wall-pinned 2sigma artificially excludes LCDM. Honestly report: SQMH-branch (nu<=0) has zero posterior mass, effectively RULING OUT SQMH nu<0 interpretation.",
  "notes": "Running Vacuum Lambda(H^2)=Lambda0+3 nu H^2. Closed-form Friedmann. No scalar dof -> gamma-1=0 exact. Under SQMH-motivated prior [-0.03, +0.01] the posterior hits the upper wall; data actually prefers positive nu (~+0.009) which is opposite to the SQMH sign. K9 (R-hat) marginal; chain noise at short length."
}