{
  "version": "L410-v1",
  "honest_caveat": "published archive crawl deferred; results are mock-based forecasts.",
  "pool_size_total": 13,
  "subsets": {
    "3": {
      "N": 3,
      "chi2_mono": 0.020271402252236854,
      "chi2_3reg": 1.9461650820519409e-13,
      "aicc_mono": Infinity,
      "aicc_3reg": Infinity,
      "delta_aicc": NaN,
      "dom_var": 0.41150172729120094,
      "dom_chi2": 0.00014005821697165102,
      "dom_loo": 56.93011773622606,
      "fdr_3reg": 0.0
    },
    "5": {
      "N": 5,
      "chi2_mono": 0.06192528337049231,
      "chi2_3reg": 8.109140235176967e-12,
      "aicc_mono": 10.061925283370492,
      "aicc_3reg": Infinity,
      "delta_aicc": Infinity,
      "dom_var": 0.3269232744104025,
      "dom_chi2": 0.004044540468228489,
      "dom_loo": 5.555158468685539,
      "fdr_3reg": 0.0
    },
    "8": {
      "N": 8,
      "chi2_mono": 0.12810646151494748,
      "chi2_3reg": 0.012149209405347246,
      "aicc_mono": 6.528106461514948,
      "aicc_3reg": 96.01214920940535,
      "delta_aicc": 89.4840427478904,
      "dom_var": 0.2292545100201923,
      "dom_chi2": 0.5895473089835508,
      "dom_loo": 0.22829436469957637,
      "fdr_3reg": 0.0
    },
    "13": {
      "N": 13,
      "chi2_mono": 0.4186817814000499,
      "chi2_3reg": 0.1897932098424815,
      "aicc_mono": 5.61868178140005,
      "aicc_3reg": 26.18979320984248,
      "delta_aicc": 20.571111428442432,
      "dom_var": 0.15763046864967395,
      "dom_chi2": 0.29044100363268516,
      "dom_loo": 0.48944031107053926,
      "fdr_3reg": 0.0
    }
  },
  "threshold_recovery_closed": 0.3,
  "status_table": [
    [
      3,
      0.41150172729120094,
      0.00014005821697165102,
      56.93011773622606,
      NaN,
      0.0,
      "OPEN"
    ],
    [
      5,
      0.3269232744104025,
      0.004044540468228489,
      5.555158468685539,
      Infinity,
      0.0,
      "OPEN"
    ],
    [
      8,
      0.2292545100201923,
      0.5895473089835508,
      0.22829436469957637,
      89.4840427478904,
      0.0,
      "OPEN"
    ],
    [
      13,
      0.15763046864967395,
      0.29044100363268516,
      0.48944031107053926,
      20.571111428442432,
      0.0,
      "RECOVERY-PROGRESS"
    ]
  ]
}