{
  "TF3-FermiLiquid": {
    "acceptance": 0.009,
    "n_samples": 25600,
    "chi2_map": 1653.663,
    "w0_map": -0.831,
    "wa_map": -0.488,
    "p_map": [
      0.31095,
      0.50792,
      4.42754
    ],
    "posterior": {
      "Om": {
        "mean": 0.307,
        "std": 0.0032,
        "lo68": 0.3036,
        "hi68": 0.3096
      },
      "A": {
        "mean": 0.4737,
        "std": 0.0866,
        "lo68": 0.4088,
        "hi68": 0.5603
      },
      "B": {
        "mean": 4.552,
        "std": 0.4846,
        "lo68": 4.1193,
        "hi68": 4.9444
      }
    },
    "note": "B sampled in log space; a=1.5 stretch"
  },
  "AX3-AxionPot": {
    "acceptance": 0.067,
    "n_samples": 25600,
    "chi2_map": 1658.0,
    "w0_map": -0.763,
    "wa_map": -0.673,
    "p_map": [
      0.31057,
      0.10662,
      1.95599
    ],
    "posterior": {
      "Om": {
        "mean": 0.3082,
        "std": 0.0027,
        "lo68": 0.3055,
        "hi68": 0.3111
      },
      "A": {
        "mean": 0.1212,
        "std": 0.0191,
        "lo68": 0.1053,
        "hi68": 0.1389
      },
      "B": {
        "mean": 2.0925,
        "std": 1.393,
        "lo68": 1.6014,
        "hi68": 2.1692
      }
    },
    "note": "B sampled in log space; a=1.5 stretch"
  },
  "HB3-Lorentzian": {
    "acceptance": 0.089,
    "n_samples": 25600,
    "chi2_map": 1654.082,
    "w0_map": -0.814,
    "wa_map": -0.558,
    "p_map": [
      0.31115,
      0.90932,
      1.07914
    ],
    "posterior": {
      "Om": {
        "mean": 0.3123,
        "std": 0.0023,
        "lo68": 0.3099,
        "hi68": 0.3147
      },
      "A": {
        "mean": 0.9926,
        "std": 0.3701,
        "lo68": 0.6781,
        "hi68": 1.347
      },
      "B": {
        "mean": 1.1545,
        "std": 0.2309,
        "lo68": 0.9579,
        "hi68": 1.397
      }
    },
    "note": "B sampled in log space; a=1.5 stretch"
  },
  "ST1-StringWind": {
    "acceptance": 0.005,
    "n_samples": 25600,
    "chi2_map": 1661.637,
    "w0_map": -0.535,
    "wa_map": -1.624,
    "p_map": [
      0.31198,
      0.11463,
      0.26722
    ],
    "posterior": {
      "Om": {
        "mean": 0.3195,
        "std": 0.0047,
        "lo68": 0.3159,
        "hi68": 0.323
      },
      "A": {
        "mean": 0.1444,
        "std": 0.0176,
        "lo68": 0.1309,
        "hi68": 0.1566
      },
      "B": {
        "mean": 0.2773,
        "std": 0.0302,
        "lo68": 0.2447,
        "hi68": 0.3065
      }
    },
    "note": "B sampled in log space; a=1.5 stretch"
  },
  "EE2-CosLog": {
    "acceptance": 0.023,
    "n_samples": 25600,
    "chi2_map": 1656.287,
    "w0_map": -0.858,
    "wa_map": -0.36,
    "p_map": [
      0.30996,
      0.08999,
      8.55429
    ],
    "posterior": {
      "Om": {
        "mean": 0.312,
        "std": 0.0029,
        "lo68": 0.3089,
        "hi68": 0.3154
      },
      "A": {
        "mean": 0.0819,
        "std": 0.0185,
        "lo68": 0.0634,
        "hi68": 0.1007
      },
      "B": {
        "mean": 9.0652,
        "std": 2.1804,
        "lo68": 7.7626,
        "hi68": 9.7352
      }
    },
    "note": "B sampled in log space; a=1.5 stretch"
  }
}