{
  "LCDM": {
    "chi2_joint": 1687.763,
    "chi2_bao": 24.398,
    "chi2_sn": 1643.95,
    "chi2_cmb": 12.138,
    "chi2_rsd": 7.277,
    "w0": -1.0,
    "wa": 0.0
  },
  "TF3-FermiLiquid": {
    "stage2": "PASS",
    "stage3": "PASS",
    "chi2_bao": 11.1,
    "chi2_sn": 1640.852,
    "chi2_cmb": 3.678,
    "chi2_rsd": 6.921,
    "chi2_joint": 1662.551,
    "delta_joint": -25.212,
    "w0": -0.85,
    "wa": -0.432,
    "Om": 0.3061,
    "p": [
      0.3061198357147726,
      0.44726557216769247,
      4.492619894840934
    ]
  },
  "AX3-AxionPot": {
    "stage2": "PASS",
    "stage3": "PASS",
    "chi2_bao": 7.545,
    "chi2_sn": 1645.989,
    "chi2_cmb": 3.737,
    "chi2_rsd": 6.91,
    "chi2_joint": 1664.182,
    "delta_joint": -23.581,
    "w0": -0.813,
    "wa": -0.484,
    "Om": 0.3056,
    "p": [
      0.30560210301121715,
      0.10990904059967904,
      2.104540661611092
    ]
  },
  "HB3-Lorentzian": {
    "stage2": "PASS",
    "stage3": "PASS",
    "chi2_bao": 9.488,
    "chi2_sn": 1640.365,
    "chi2_cmb": 8.6,
    "chi2_rsd": 7.242,
    "chi2_joint": 1665.695,
    "delta_joint": -22.068,
    "w0": -0.825,
    "wa": -0.489,
    "Om": 0.3183,
    "p": [
      0.31830659935404526,
      1.269487441982097,
      1.395311976862927
    ]
  },
  "ST1-StringWind": {
    "stage2": "PASS",
    "stage3": "PASS",
    "chi2_bao": 27.493,
    "chi2_sn": 1640.865,
    "chi2_cmb": 8.516,
    "chi2_rsd": 7.238,
    "chi2_joint": 1684.112,
    "delta_joint": -3.651,
    "w0": -0.427,
    "wa": -2.506,
    "Om": 0.3182,
    "p": [
      0.31818958885763604,
      0.1519716577348227,
      0.26896509182734696
    ]
  },
  "EE2-CosLog": {
    "stage2": "PASS",
    "stage3": "PASS",
    "chi2_bao": 6.212,
    "chi2_sn": 1643.033,
    "chi2_cmb": 0.705,
    "chi2_rsd": 7.085,
    "chi2_joint": 1657.035,
    "delta_joint": -30.729,
    "w0": -0.912,
    "wa": -0.183,
    "Om": 0.3128,
    "p": [
      0.3128192656717839,
      0.07731124359719194,
      8.997553307508273
    ]
  }
}