{
  "TF3-FermiLiquid": {
    "acceptance": 0.011,
    "n_samples": 14400,
    "chi2_map": 1653.988,
    "w0_map": -0.823,
    "wa_map": -0.511,
    "p_map": [
      0.3113,
      0.58656,
      5.19056
    ],
    "posterior": {
      "Om": {
        "mean": 0.3094,
        "std": 0.005,
        "lo68": 0.3037,
        "hi68": 0.315
      },
      "A": {
        "mean": 0.4692,
        "std": 0.0971,
        "lo68": 0.3648,
        "hi68": 0.5697
      },
      "B": {
        "mean": 4.5443,
        "std": 1.1604,
        "lo68": 3.6677,
        "hi68": 5.5401
      }
    }
  },
  "AX3-AxionPot": {
    "acceptance": 0.056,
    "n_samples": 14400,
    "chi2_map": 1654.959,
    "w0_map": -0.876,
    "wa_map": -0.301,
    "p_map": [
      0.30828,
      0.09192,
      8.92766
    ],
    "posterior": {
      "Om": {
        "mean": 0.3089,
        "std": 0.0021,
        "lo68": 0.3068,
        "hi68": 0.3112
      },
      "A": {
        "mean": 0.1163,
        "std": 0.0231,
        "lo68": 0.0941,
        "hi68": 0.1402
      },
      "B": {
        "mean": 2.6565,
        "std": 1.6825,
        "lo68": 1.5444,
        "hi68": 4.6164
      }
    }
  },
  "HB3-Lorentzian": {
    "acceptance": 0.066,
    "n_samples": 14400,
    "chi2_map": 1654.151,
    "w0_map": -0.802,
    "wa_map": -0.591,
    "p_map": [
      0.31105,
      0.99813,
      1.10243
    ],
    "posterior": {
      "Om": {
        "mean": 0.3121,
        "std": 0.0025,
        "lo68": 0.3097,
        "hi68": 0.3147
      },
      "A": {
        "mean": 1.0815,
        "std": 0.482,
        "lo68": 0.6745,
        "hi68": 1.4568
      },
      "B": {
        "mean": 1.1447,
        "std": 0.224,
        "lo68": 0.9664,
        "hi68": 1.3965
      }
    }
  },
  "ST1-StringWind": {
    "acceptance": 0.005,
    "n_samples": 14400,
    "chi2_map": 1663.677,
    "w0_map": -0.49,
    "wa_map": -1.935,
    "p_map": [
      0.31382,
      0.12772,
      0.27601
    ],
    "posterior": {
      "Om": {
        "mean": 0.3196,
        "std": 0.0051,
        "lo68": 0.3138,
        "hi68": 0.3233
      },
      "A": {
        "mean": 0.1431,
        "std": 0.027,
        "lo68": 0.1129,
        "hi68": 0.167
      },
      "B": {
        "mean": 0.3115,
        "std": 0.0785,
        "lo68": 0.2344,
        "hi68": 0.3844
      }
    }
  },
  "EE2-CosLog": {
    "acceptance": 0.022,
    "n_samples": 14400,
    "chi2_map": 1656.476,
    "w0_map": -0.894,
    "wa_map": -0.211,
    "p_map": [
      0.30964,
      0.09844,
      9.09311
    ],
    "posterior": {
      "Om": {
        "mean": 0.3104,
        "std": 0.0035,
        "lo68": 0.3073,
        "hi68": 0.3142
      },
      "A": {
        "mean": 0.088,
        "std": 0.0244,
        "lo68": 0.0561,
        "hi68": 0.1105
      },
      "B": {
        "mean": 10.0846,
        "std": 3.2919,
        "lo68": 7.8909,
        "hi68": 11.0924
      }
    }
  }
}