{
  "LCDM": {
    "chi2": 17.461748782703086,
    "Om": 0.3194373779296875,
    "k": 1,
    "AICc": 19.82538514633945,
    "w0": -1.0,
    "wa": 0.0
  },
  "TF3-FermiLiquid": {
    "chi2": 6.443435433602277,
    "w0": -0.847,
    "wa": -0.442,
    "Om": 0.3077,
    "k": 3,
    "AICc": 15.11,
    "p": [
      0.3076581410167885,
      0.44657143141565625,
      4.285045499457237
    ],
    "dAICc": -4.715,
    "verdict": "PASS"
  },
  "AX3-AxionPot": {
    "chi2": 4.996019785337088,
    "w0": -0.822,
    "wa": -0.457,
    "Om": 0.3059,
    "k": 3,
    "AICc": 13.663,
    "p": [
      0.3059042296911686,
      0.10467322638933377,
      2.104008263781603
    ],
    "dAICc": -6.162,
    "verdict": "PASS"
  },
  "HB3-Lorentzian": {
    "chi2": 7.094865932592696,
    "w0": -0.826,
    "wa": -0.484,
    "Om": 0.3071,
    "k": 3,
    "AICc": 15.762,
    "p": [
      0.30705041660977267,
      1.2275243962300255,
      1.378078507642913
    ],
    "dAICc": -4.063,
    "verdict": "PASS"
  },
  "ST1-StringWind": {
    "chi2": 7.041358881966415,
    "w0": -0.443,
    "wa": -2.442,
    "Om": 0.3279,
    "k": 3,
    "AICc": 15.708,
    "p": [
      0.3279387492116601,
      0.1493328357106068,
      0.2587411689000064
    ],
    "dAICc": -4.117,
    "verdict": "PASS"
  },
  "EE2-CosLog": {
    "chi2": 5.601134757136701,
    "w0": -0.874,
    "wa": -0.307,
    "Om": 0.3055,
    "k": 3,
    "AICc": 14.268,
    "p": [
      0.3055258573731365,
      0.08803101454619021,
      8.76481479655392
    ],
    "dAICc": -5.557,
    "verdict": "PASS"
  }
}