{
  "n_mock": 500,
  "n_workers": 9,
  "runtime_sec": 0.24836301803588867,
  "gamma_hi_true": 0.04,
  "sig_g_prior": 0.05,
  "eos_family": [
    "APR",
    "SLy4",
    "BSk21",
    "BSk22",
    "MPA1"
  ],
  "injected": {
    "marg": {
      "mean": -0.00015321145887704858,
      "median": -7.336879043873257e-05,
      "std": 0.0008465686502910607,
      "frac_gt1": 0.0,
      "frac_gt3": 0.0
    },
    "fix": {
      "mean": 5.508924452808567e-06,
      "median": -0.00015763840581112243,
      "std": 0.0018108973097823828,
      "frac_gt1": 0.0,
      "frac_gt3": 0.0
    }
  },
  "null": {
    "marg": {
      "mean": -5.818498420267604e-05,
      "median": -0.00018680806635784641,
      "std": 0.0012632592006585495,
      "frac_gt1": 0.0,
      "frac_gt3": 0.0
    },
    "fix": {
      "mean": -0.00015718652937639162,
      "median": -0.00024169426836917474,
      "std": 0.0014618142083850697,
      "frac_gt1": 0.0,
      "frac_gt3": 0.0
    }
  },
  "verdict": "KILL: P11 not worth adding (EOS-marg dlnZ < +1)"
}