{
  "LCDM": {
    "name": "LCDM",
    "k": 2,
    "params": {
      "Om": 0.3093990322847123,
      "H0": 68.41031267731097
    },
    "chi2_bao": 12.299644079797506,
    "chi2_cmb": 0.00949295853088251,
    "chi2_sn": 1646.8408797181028,
    "chi2_rsd": 6.966152107255869,
    "chi2_joint": 1666.1161688636869,
    "aicc": 1670.1226553501733,
    "w0": -1.0000000000000002,
    "wa": 7.073183191462276e-16,
    "H0_tension_vs_shoes": 4.0120355041990505
  },
  "A": {
    "name": "Model_A",
    "k": 2,
    "params": {
      "Om": 0.276192266907787,
      "H0": 55.00004702613137
    },
    "chi2_bao": 2114.695887705542,
    "chi2_cmb": 3012.375006414059,
    "chi2_sn": 1686.2889548941093,
    "chi2_rsd": 23.32059496354392,
    "chi2_joint": 6836.680443977254,
    "aicc": 6840.68693046374,
    "w0": -1.2303156482192543,
    "wa": -1.0360475395236335,
    "H0_tension_vs_shoes": 15.63322245771101
  },
  "B": {
    "name": "Model_B",
    "k": 3,
    "params": {
      "Om": 0.3164340164321772,
      "H0": 67.257027049778,
      "amp": 0.13392727895241666
    },
    "chi2_bao": 11.16540734508855,
    "chi2_cmb": 1.3588475207175115,
    "chi2_sn": 1640.0499825025424,
    "chi2_rsd": 6.704931915933935,
    "chi2_joint": 1659.2791692842825,
    "aicc": 1665.2921492734658,
    "w0": -1.1078638575075705,
    "wa": 0.17771832046282465,
    "H0_tension_vs_shoes": 5.011459992645335
  },
  "C": {
    "name": "Model_C",
    "k": 4,
    "params": {
      "Om": 0.3150769226735064,
      "H0": 65.73699329803597,
      "amp": 0.10000010813310162,
      "c": 2.9983995576441402
    },
    "chi2_bao": 64.08155486421587,
    "chi2_cmb": 37.919978393772034,
    "chi2_sn": 1637.5227500847316,
    "chi2_rsd": 7.210799432093065,
    "chi2_joint": 1746.7350827748126,
    "aicc": 1754.7567277964577,
    "w0": -0.9555369375431997,
    "wa": -0.5201203604587293,
    "H0_tension_vs_shoes": 6.328704323527665
  },
  "n_total": 1853,
  "elapsed_s": 6056.7167019844055
}