{
  "task1": {
    "frac_below_minus6": 0.1925,
    "frac_below_minus2": 0.325,
    "best_amp": 0.8048873684210526,
    "best_beta": 3.477215789473684,
    "best_daicc": -8.438438926527851,
    "verdict": "CONDITIONAL",
    "amp_range": [
      0.57246,
      0.5982852631578947,
      0.6241105263157894,
      0.6499357894736841,
      0.6757610526315789,
      0.7015863157894736,
      0.7274115789473684,
      0.7532368421052631,
      0.7790621052631579,
      0.8048873684210526,
      0.8307126315789473,
      0.856537894736842,
      0.8823631578947368,
      0.9081884210526315,
      0.9340136842105262,
      0.959838947368421,
      0.9856642105263158,
      1.0114894736842106,
      1.0373147368421052,
      1.06314
    ],
    "beta_range": [
      2.4730999999999996,
      2.584668421052631,
      2.6962368421052627,
      2.8078052631578947,
      2.9193736842105262,
      3.0309421052631578,
      3.1425105263157893,
      3.254078947368421,
      3.3656473684210524,
      3.477215789473684,
      3.588784210526316,
      3.700352631578947,
      3.811921052631579,
      3.9234894736842105,
      4.035057894736842,
      4.146626315789474,
      4.258194736842105,
      4.369763157894737,
      4.481331578947369,
      4.5929
    ],
    "daicc_grid": [
      [
        0.9373596063967398,
        -4.5548171974405705,
        -7.284187756852134,
        -7.873925758150335,
        -6.792965722982444,
        -4.4285033505034335,
        -1.0765019143677819,
        3.0170673733657623,
        7.678210748000993,
        12.734805371667107,
        18.082861771807757,
        23.625890895866632,
        29.27544203030675,
        34.97945000262621,
        40.68820069432695,
        46.36570996445607,
        51.983642575600925,
        57.526467110950534,
        62.95370312350451,
        68.26643499122156
      ],
      [
        6.464512764209758,
        -1.1891077227976439,
        -5.694862414537056,
        -7.750728010079683,
        -7.8730001459341565,
        -6.496369360444987,
        -3.9597451999813984,
        -0.518243618851784,
        3.5989833407477363,
        8.223655690119358,
        13.223741932897155,
        18.48423577813992,
        23.925826464347892,
        29.467793034627903,
        35.05769553947994,
        40.65097017013818,
        46.216297032859075,
        51.727595713325854,
        57.14589275956905,
        62.47625359171866
      ],
      [
        13.384855198280547,
        3.4140204304762847,
        -2.997224913124228,
        -6.628285762461701,
        -8.061692958339563,
        -7.760643028122331,
        -6.107584428310474,
        -3.3999582396183996,
        0.1190286723783629,
        4.259458548221119,
        8.858761166464319,
        13.801956221981527,
        18.986766912102667,
        24.33645114316255,
        29.775473805420916,
        35.258889848077615,
        40.74209552242837,
        46.208687306655065,
        51.60839405629508,
        56.922213154067094
      ],
      [
        21.694598625750814,
        9.259870885800638,
        0.7940990290483114,
        -4.521348391499487,
        -7.346939676214106,
        -8.216847495580168,
        -7.5308264930035875,
        -5.617970182561294,
        -2.755175594326829,
        0.833154783429336,
        4.9988465671613085,
        9.582203449946974,
        14.469331592057415,
        19.584508513873743,
        24.84197221413956,
        30.188701468438012,
        35.57259749607874,
        40.95634150113983,
        46.31117565732575,
        51.601065807554505
      ],
      [
        31.38231057938947,
        16.326077195241396,
        5.694126863389329,
        -1.4339358795891712,
        -5.762046421208197,
        -7.879842250650881,
        -8.227262804898146,
        -7.188187392771397,
        -5.048681078076925,
        -2.0514535622874064,
        1.6232043624613652,
        5.802371554695583,
        10.376692510029898,
        15.220483436097766,
        20.272752415590276,
        25.44226438134433,
        30.70419538946794,
        35.98456040478982,
        41.27068893358228,
        46.52644670614177
      ],
      [
        42.43045566404794,
        24.61581481912208,
        11.674231495825552,
        2.634980159740735,
        -3.2944609251044312,
        -6.747973863307152,
        -8.213102848550989,
        -8.102705304786696,
        -6.744693699311711,
        -4.390791225097473,
        -1.258964982648422,
        2.4720118021059534,
        6.6746212354285035,
        11.226246190953134,
        16.037252946358194,
        21.016949867452695,
        26.120681366368444,
        31.29236115371873,
        36.4900446574793,
        41.68382522897059
      ],
      [
        54.834284630854654,
        34.10368292171438,
        18.742905886162134,
        7.674438525253208,
        0.04907371372337366,
        -4.827788869897859,
        -7.489385618011511,
        -8.379526544651753,
        -7.851728862243135,
        -6.1947037588481635,
        -3.6502795951055305,
        -0.3967261971249627,
        3.3925671342421992,
        7.612971329328275,
        12.14146008521584,
        16.90886939383836,
        21.836004341123953,
        26.85996959286149,
        31.95074048746642,
        37.06631634925384
      ],
      [
        68.5849255826422,
        44.801203650109755,
        26.8824881900141,
        13.673395018973906,
        4.255443616397542,
        -2.129023990794394,
        -6.05372273181024,
        -7.999919207480616,
        -8.376310027311547,
        -7.466334191910391,
        -5.555416862877792,
        -2.8309112301017194,
        0.5304429994619113,
        4.371646694504079,
        8.602935696028908,
        13.118756898806168,
        17.8428797948834,
        22.709426439857452,
        27.67363044596209,
        32.68544933656608
      ],
      [
        83.66864439489495,
        56.68482132261579,
        36.090682608434236,
        20.635669079733816,
        9.319234941615377,
        1.3577456329114739,
        -3.9097460517589298,
        -6.991197268104315,
        -8.314531482584016,
        -8.213757627602035,
        -6.971308011529345,
        -4.828182767099406,
        -1.9434551820977504,
        1.5051880991557027,
        5.406186595245117,
        9.644293394568194,
        14.133712710273585,
        18.827649605201714,
        23.638421734492795,
        28.53607724276253
      ],
      [
        100.08079674029614,
        69.75528189252373,
        46.36127830095393,
        28.542554912590504,
        15.249573489337308,
        5.609879114924979,
        -1.0729064013398784,
        -5.348933352328231,
        -7.6824558873781825,
        -8.438438926527851,
        -7.918685962233894,
        -6.374877370014701,
        -4.010071522626276,
        -0.9836718409856076,
        2.542114784343994,
        6.485132178409913,
        10.734266694473035,
        15.202932853808989,
        19.852874539134064,
        24.615325258663688
      ],
      [
        117.8067690052917,
        83.99670523546615,
        57.678187997819805,
        37.40250676263872,
        22.031132918286858,
        10.636521214210688,
        2.4671930531771977,
        -3.0705781280378233,
        -6.4694707794856186,
        -8.128154426498895,
        -8.379615109754695,
        -7.491768929093723,
        -5.671335727476617,
        -3.119163074436301,
        0.02269748296907892,
        3.640602143066417,
        7.611579604389135,
        11.86239515501029,
        16.312565505563498,
        20.919348619376024
      ],
      [
        136.83295362496324,
        99.40299531708524,
        70.03884207204874,
        47.19617607866235,
        29.65562450425864,
        16.423618647822423,
        6.698984694863384,
        -0.16469226740514387,
        -4.681245063643473,
        -7.303052972833484,
        -8.370569468350595,
        -8.155728187434988,
        -6.938932262899698,
        -4.876174248064444,
        -2.158962374947805,
