{
  "lcdm_chi2": 1676.8949524494321,
  "lcdm_Om": 0.3203645030316817,
  "lcdm_h": 0.6690950792462829,
  "n_candidates": 20,
  "results": [
    {
      "id": "A01",
      "name": "SQMH canonical (matter-weighted drift)",
      "Om": 0.31022472065325885,
      "h": 0.6770633730967515,
      "chi2_total": 1655.7776695170216,
      "chi2_bao": 9.688412532992954,
      "chi2_sn": 1639.0197147529957,
      "chi2_cmb": 0.05190735829147354,
      "chi2_rsd": 7.01763487274154,
      "delta_chi2": -21.11728293241049,
      "w0": -0.8985348505973473,
      "wa": -0.11526094600356945,
      "phantom_crossing": false,
      "k4_high_z_ok": true,
      "verdict": "KEEP",
      "kill_reason": null,
      "mcmc": {
        "backend": "emcee",
        "means": [
          0.310129709196661,
          0.6771868093332436
        ],
        "stds": [
          0.002238215920892811,
          0.00264217543925853
        ],
        "rhat": [
          1.0700499626314062,
          1.0825366368450036
        ]
      }
    },
    {
      "id": "A02",
      "name": "Quadratic metabolism drift",
      "Om": 0.31615976330425866,
      "h": 0.6724543676357957,
      "chi2_total": 1669.1198527616407,
      "chi2_bao": 18.378026003916954,
      "chi2_sn": 1642.8259185118231,
      "chi2_cmb": 0.7379824205746591,
      "chi2_rsd": 7.177925825325865,
      "delta_chi2": -7.775099687791453,
      "w0": -0.9872878733064999,
      "wa": 0.08557212441603355,
      "phantom_crossing": false,
      "k4_high_z_ok": true,
      "verdict": "KEEP",
      "kill_reason": null,
      "mcmc": {
        "backend": "emcee",
        "means": [
          0.31643554695969395,
          0.6723550884765931
        ],
        "stds": [
          0.0022065355734284804,
          0.0026034377570794535
        ],
        "rhat": [
          1.0573731950263718,
          1.065405659928364
        ]
      }
    },
    {
      "id": "A03",
      "name": "Log horizon entropy",
      "Om": 0.3071304542778537,
      "h": 0.6797245306432926,
      "chi2_total": 1656.5647584042795,
      "chi2_bao": 10.139439992112784,
      "chi2_sn": 1639.030140362576,
      "chi2_cmb": 0.45127028307519224,
      "chi2_rsd": 6.943907766515392,
      "delta_chi2": -20.330194045152666,
      "w0": -0.8970597378191949,
      "wa": -0.036354068773916455,
      "phantom_crossing": false,
      "k4_high_z_ok": true,
      "verdict": "KEEP",
      "kill_reason": null,
      "mcmc": {
        "backend": "emcee",
        "means": [
          0.30704892552729374,
          0.6797139147236072
        ],
        "stds": [
          0.0021966407811746984,
          0.002590324600331763
        ],
        "rhat": [
          1.0646158857338697,
          1.0501692560789861
        ]
      }
    },
    {
      "id": "A04",
      "name": "Volume-cumulative matter drift",
      "Om": 0.3011009177760561,
      "h": 0.6843310022818876,
      "chi2_total": 1668.000899439808,
      "chi2_bao": 19.22480838384365,
      "chi2_sn": 1638.127768874205,
      "chi2_cmb": 3.8275427308742263,
      "chi2_rsd": 6.820779450885126,
      "delta_chi2": -8.894053009624031,
      "w0": -0.7568942858072302,
      "wa": -0.46896234267491116,
      "phantom_crossing": false,
      "k4_high_z_ok": true,
      "verdict": "KEEP",
      "kill_reason": null,
      "mcmc": {
        "backend": "emcee",
        "means": [
          0.3011546185195633,
          0.6841910943754651
        ],
        "stds": [
          0.002112443618548907,
          0.0028376962604845023
        ],
        "rhat": [
          1.0618315288066686,
          1.0518213582504565
        ]
      }
    },
    {
      "id": "A05",
      "name": "Sqrt relaxation",
      "Om": 0.3107682903838457,
      "h": 0.6766176888291627,
      "chi2_total": 1655.8650961529663,
      "chi2_bao": 9.768356957996742,
      "chi2_sn": 1639.0457160721726,
      "chi2_cmb": 0.019725621196532223,
      "chi2_rsd": 7.031297501600417,
      "delta_chi2": -21.029856296465823,
      "w0": -0.9004762575266372,
      "wa": -0.12363935462044423,
      "phantom_crossing": false,
      "k4_high_z_ok": true,
      "verdict": "KEEP",
      "kill_reason": null,
      "mcmc": {
        "backend": "emcee",
        "means": [
          0.3108711182750487,
          0.676415353745601
        ],
        "stds": [
          0.002338572179956148,
          0.0026549359355526533
        ],
        "rhat": [
          1.0517435543086118,
          1.0651216702195694
        ]
      }
    },
    {
      "id": "A06",
      "name": "Exponential metabolism",
      "Om": 0.3095787565873586,
      "h": 0.6775988212929055,
      "chi2_total": 1655.7760153060765,
      "chi2_bao": 9.662807958928417,
      "chi2_sn": 1639.002914965823,
      "chi2_cmb": 0.10862014481294545,
      "chi2_rsd": 7.001672236512184,
      "delta_chi2": -21.11893714335565,
      "w0": -0.8968070811375474,
      "wa": -0.10319291886245147,
      "phantom_crossing": false,
      "k4_high_z_ok": true,
      "verdict": "KEEP",
      "kill_reason": null,
      "mcmc": {
        "backend": "emcee",
        "means": [
          0.3096977019858235,
          0.6774122125998479
        ],
        "stds": [
          0.002189519412528716,
          0.0026754484135559716
        ],
        "rhat": [
          1.056855896674154,
          1.0347256911649962
        ]
      }
    },
    {
      "id": "A07",
      "name": "Hyperbolic cosh",
      "Om": 0.31969057496494013,
      "h": 0.6696315665436448,
      "chi2_total": 1675.4430056742874,
      "chi2_bao": 22.602052085586607,
      "chi2_sn": 1643.5627932505995,
      "chi2_cmb": 1.9936558718787478,
      "chi2_rsd": 7.2845044662227245,
      "delta_chi2": -1.4519467751447337,
      "w0": -0.9981162685282606,
      "wa": 0.015189826348239953,
      "phantom_crossing": false,
      "k4_high_z_ok": true,
      "verdict": "KEEP",
      "kill_reason": null,
      "mcmc": {
        "backend": "emcee",
        "means": [
          0.3199390592402878,
          0.6694235380096744
        ],
        "stds": [
          0.002296674296443484,
          0.0025819670830415733
        ],
        "rhat": [
          1.045386140576546,
          1.0478475979842081
        ]
      }
    },
    {
      "id": "A08",
      "name": "Tanh transition",
      "Om": 0.3125475350201518,
      "h": 0.6752024022055003,
      "chi2_total": 1657.8887019995436,
      "chi2_bao": 11.045633266363307,
      "chi2_sn": 1639.7363207907174,
      "chi2_cmb": 0.029273832252711057,
      "chi2_rsd": 7.077474110210258,
      "delta_chi2": -19.006250449888512,
      "w0": -0.9210565386896895,
      "wa": -0.08926967083618745,
      "phantom_crossing": false,
      "k4_high_z_ok": true,
      "verdict": "KEEP",
      "kill_reason": null,
      "mcmc": {
        "backend": "emcee",
        "means": [
          0.3124940340929918,
          0.6751083638755999
        ],
        "stds": [
          0.0022867728655242927,
          0.0026242161292725145
        ],
        "rhat": [
          1.070944135082065,
          1.0402797608848426
        ]
      }
    },
    {
      "id": "A09",
      "name": "Causal-diamond 2D",
      "Om": 0.3062952133575012,
      "h": 0.6803489545754388,
      "chi2_total": 1656.8596790139648,
      "chi2_bao": 10.19902276319047,
      "chi2_sn": 1639.0068431662617,
      "chi2_cmb": 0.7286059684268613,
      "chi2_rsd": 6.925207116085824,
      "delta_chi2": -20.03527343546739,
      "w0": -0.8862980983602439,
      "wa": -0.05125634160505547,
      "phantom_crossing": false,
      "k4_high_z_ok": true,
      "verdict": "KEEP",
      "kill_reason": null,
      "mcmc": {
        "backend": "emcee",
        "means": [
          0.30636185270203165,
          0.6801067454854307
        ],
        "stds": [
          0.0022832543112960317,
          0.002573234898842154
        ],
        "rhat": [
          1.07044988561151,
          1.0706287264584826
        ]
      }
    },
    {
      "id": "A10",
      "name": "Reciprocal drift",