{
  "H_inf_s": 1.518483412322275e+38,
  "eps_q": 6.864278311764619e-15,
  "n_s_pred": 0.9999999999999862,
  "r_pred": 1.098284529882339e-13,
  "n_s_compat_5sigma": false,
  "r_below_bound": true
}