{
  "n_pass": 0,
  "best_chi2": 58.24494281171601,
  "best_sIR": 177827941.00389227,
  "best_sUV": 3727593720.314938,
  "best_kt": 10.0,
  "verdict": "FAIL \u2014 no integrated region, Model IV inconsistent",
  "chi2_breakdown": {
    "T17": 30.691399422422204,
    "sc": 27.180111697531554,
    "T20": 0.05766952975984917,
    "T22": 0.3157621620024023
  },
  "obs": {
    "H0_CMB": 70.16999094865048,
    "sigma8": 0.75519710380042,
    "a0_pred": 1.2674312622811897e-10,
    "tau_ratio": 1.5213454871534955
  },
  "params": {
    "N_SIG": 15,
    "N_UV": 15,
    "N_KT": 15,
    "GAMMA0_FIX": 1.0,
    "CHI2_PASS": 16.0
  }
}