{
  "backend": "emcee",
  "names": [
    "Omega_m",
    "h",
    "alpha_Q"
  ],
  "means": [
    0.31915534356033026,
    0.6703926091937092,
    0.0036304012065537755
  ],
  "stds": [
    0.002633994263583839,
    0.0028337001138597734,
    0.003970511179899209
  ],
  "rhat": [
    1.268597160694256,
    1.2867822562462812,
    1.1945076585782943
  ],
  "w0_samples": [
    -1.0026697772722626,
    -1.0013903778700464,
    -1.0098287221085194,
    -1.001064381526669,
    -1.0009193820929305,
    -1.0018565732452966,
    -1.002013563971865,
    -1.007605436011858,
    -1.005548314108727,
    -1.0011452266924667,
    -1.0074726663655034,
    -1.0013276443103194,
    -1.000441025781424,
    -1.0021245519460902,
    -1.000953805582815,
    -1.0004871878642336,
    -1.0008465996142821,
    -1.002281341973812,
    -1.0013170393672173,
    -1.000520752365449,
    -1.0013625629097813,
    -1.0073344194673468,
    -1.002074021093693,
    -1.0014013578643473,
    -1.0021638623682925,
    -1.019221983387635,
    -1.0016228475533402,
    -1.0080213686779878,
    -1.0067823257525443,
    -1.0022452449554509,
    -1.004603464682729,
    -1.0041734756287493,
    -1.0016069160807368,
    -1.0036289086262355,
    -1.0082341957889775,
    -1.0031884009493646,
    -1.000877775584261,
    -1.0007492958430406,
    -1.0067022007672763,
    -1.0007155147834588,
    -1.0009525386529425,
    -1.001474829117617,
    -1.0031344362097783,
    -1.0022926369126453,
    -1.0123872091017854,
    -1.0000919428267698,
    -1.003815104271617,
    -1.0000255803865443,
    -1.001410588449751,
    -1.001932407108969,
    -1.0048980338317424,
    -1.0013069849637004,
    -1.0004573762920357,
    -1.0116276126870305,
    -1.0057111309480298,
    -1.0041032695343388,
    -1.0022171959580939,
    -1.0006667596688172,
    -1.0043619901312377,
    -1.0040852871866766,
    -1.0024605449863166,
    -1.0042907879903085,
    -1.000120179581754,
    -1.0017146248787476,
    -1.0003291681622515,
    -1.0005781065520059,
    -1.001460140724005,
    -1.0025226212805896,
    -1.0063740616398045,
    -1.0153663242572035,
    -1.00215823340034,
    -1.0007629502167905,
    -1.0016659214984218,
    -1.001392084844938,
    -1.0019626321705244,
    -1.0009931677634303,
    -1.0033911941141458,
    -1.0010913462613884,
    -1.0002118257158001,
    -1.010691614726257,
    -1.0025441872808867,
    -1.000028896578912,
    -1.0001003614922643,
    -1.0003231812069067,
    -1.0009487262905832,
    -1.001039869564909,
    -1.0013817925505915,
    -1.00169739587,
    -1.0002156425773356,
    -1.0050600700386,
    -1.0009678047160018,
    -1.0016805109811087,
    -1.0001627468953755,
    -1.0013426455948566,
    -1.0022142321901584,
    -1.000096351126271,
    -1.0015503130562071,
    -1.0013314626692242,
    -1.0020698657608949,
    -1.0166199654516623,
    -1.0012026161767846,
    -1.003906326290128,
    -1.001019679302056,
    -1.0002721809908992,
    -1.0071583150167185,
    -1.0019132896681973,
    -1.000043240043171,
    -1.0074536228165043,
    -1.002516991499652,
    -1.013376315424694,
    -1.000454177105341,
    -1.001306377101666,
    -1.0022474568334665,
    -1.0009425524824394,
    -1.000111428023257,
    -1.0013641310476435,
    -1.000779675582966,
    -1.0043862201597304,
    -1.0007590993052782,
    -1.0011416276201828,
    -1.0001318740412999,
    -1.0084963152996536,
    -1.0054332992461947,
    -1.0007969080858847,
    -1.0019722540697222,
    -1.0030535373773168,
    -1.0046152404480118,
    -1.0003177497825264,
    -1.0037881298291023,
    -1.004716331651271,
    -1.001996454631711,
    -1.011127292568765,
    -1.0029480134680535,
    -1.006640686576537,
    -1.000065808687671,
    -1.002137937582371,
    -1.0028893170407265,
    -1.0007971998266898,
    -1.0007283391183348,
    -1.0012188973391467,
    -1.0059525802897709,
    -1.0024344165989627,
    -1.0015879076456058,
    -1.0034095125273021,
    -1.0008855670957673,
    -1.0045770183542664,
    -1.0012987019573938,
    -1.0014032766396443,
    -1.0006532408368445,
    -1.0019841885511485,
    -1.0000663041066398,
    -1.000165268480567,
    -1.0051619706400035,
    -1.0011967112086826,
    -1.0017527048402342,
    -1.0003880859528393,
    -1.0028025231992905,
    -1.003510533291639,
    -1.0034385107257673,
    -1.000552591483058,
    -1.0058248830841663,
    -1.0031546169048564,
    -1.0030376622532142,
    -1.0017910169919126,
    -1.0004323152874541,
    -1.0010174886039245,
    -1.0003675379596761,
    -1.0014974192458272,
    -1.003926136855657,
    -1.003100645904588,
    -1.0013844011109214,
    -1.0063122511277323,
    -1.000132655759751,
    -1.002679934052173,
    -1.0033026110544472,
    -1.0078695782621392,
    -1.0052710960410565,
    -1.0009558368699234,
    -1.0020457468994022,
    -1.0105286551382229,
    -1.003543612567287,
    -1.0068629977488703,
    -1.00218857486709,
    -1.0060451555194476,
    -1.0007966839989604,
    -1.0000761739030537,
    -1.011369340408469,
    -1.0135611069540624,
    -1.0043229154978819,
    -1.0042116738486602,
    -1.002129923075555,
    -1.008627154019314,
    -1.00391433469604,
    -1.0064763329111224,
    -1.0009839789290882,
    -1.0035827432097535,
    -1.003550917783747,
    -1.0000522203565074,
    -1.0033878470937276,
    -1.0021866023414998,
    -1.0014018045858912,
    -1.0046864160356022,
    -1.0014249143844756,
    -1.0031078012071049,
    -1.0001539743537884,
    -1.0016729609893948,
    -1.0039448046834107,
    -1.002576735234249,
    -1.0043372690237387,
    -1.0003463696705688,
    -1.0006591654637909,
    -1.0005970852695982,
    -1.0046583224056593,
    -1.0002864284152773,
    -1.002798463998275,
    -1.0042991384508158,
    -1.000714403106116,
    -1.0006857006903696,
    -1.0015337608523471,
    -1.011587610671794,
    -1.0017033344091064,
    -1.0000802501871335,
    -1.0073455647579999,
    -1.0066334626256461,
    -1.00035484286683,
    -1.000188416226943,
    -1.0023148850335317,
    -1.0033893470187913,
    -1.0041496934512584,
    -1.0060879566908776,
    -1.0057595361468112,
    -1.0029942505484701,
    -1.000703436119655,
    -1.003968547474668,
    -1.0097139531601607,
    -1.0012488393233032,
    -1.0006136356649984,
    -1.0012725261541047,
    -1.0033204372368945,
    -1.0033244652182693,
    -1.01656288247856,
    -1.0013811539830042,
    -1.0034427034186777,
    -1.0053395624136887,
    -1.0054741874559523,
    -1.026881954461765,
    -1.0011127479013275,
    -1.0050516527456945,
    -1.002119017284027,
    -1.0023588608349752,
    -1.000489454733905,
    -1.0018284653655727,
    -1.0013969131572806,
    -1.001396002427586,
    -1.0073280894958463,
    -1.0026382937430192,
    -1.0002382835701256,
    -1.0043761301847864,
    -1.0111801265333356,
    -1.002495323786866,
    -1.000506597913861,
    -1.0015430926161573,
    -1.0035308217956949,
    -1.011916527638727,
    -1.0021427541181653,
    -1.0024339465719019,
    -1.0033007224996002,
    -1.006887493311975,
    -1.0043851431644548,
    -1.0100383770619237,
    -1.0007188382344965,
    -1.0008395478936316,
    -1.0006225182673572,
    -1.0051420427251143,
    -1.0052385649155573,
    -1.000826916006033,
    -1.0032576470341321,
    -1.001062054036091,
    -1.0061611134501123,
    -1.0015593862535066,
    -1.0012981203240627,
    -1.0022972405553718,
    -1.0040187739532822,
    -1.0073918784271565,
    -1.0115500041144547,
    -1.000984172586264,
    -1.0026882194861464,
    -1.0003919866173996,
    -1.010782082372138,
    -1.0044397393579025,
    -1.0040508270776634,
    -1.0003778592467327,
    -1.006005195970422,
    -1.0018126365793587,
    -1.0007926945259662,
    -1.004038219110811,
    -1.0040340045665705,
    -1.0041221630157358,
    -1.0016906878945933,
    -1.007675196881697,
    -1.0061767186338622,
    -1.005317115757625,
    -1.0061863426081672,
    -1.0015732580914016,
    -1.00800045986848,
    -1.0008216026161645,
    -1.0041642004656337,
    -1.0019590552784257,
