{
  "phase": "L6-G2",
  "description": "mu_eff profiles and S_8 correction for C11D, C28, A12",
  "k_arr_per_Mpc": [
    0.01,
    0.03,
    0.1,
    0.3,
    1.0
  ],
  "a_arr": [
    0.1,
    0.1473684210526316,
    0.19473684210526315,
    0.24210526315789474,
    0.2894736842105263,
    0.33684210526315794,
    0.38421052631578945,
    0.43157894736842106,
    0.4789473684210527,
    0.5263157894736842,
    0.5736842105263158,
    0.6210526315789474,
    0.6684210526315789,
    0.7157894736842105,
    0.7631578947368421,
    0.8105263157894737,
    0.8578947368421053,
    0.9052631578947369,
    0.9526315789473684,
    1.0
  ],
  "mu_eff_today_k01": {
    "C11D": 1.0,
    "C28": 1.000029702970297,
    "A12": 1.0
  },
  "K18_fail": {
    "C11D": false,
    "C28": false,
    "A12": false
  },
  "delta_S8": {
    "C11D": 0.0,
    "C28": 1.4851485148459354e-05,
    "A12": 0.0
  },
  "Q15_pass": {
    "C11D": false,
    "C28": false,
    "A12": false
  },
  "mu_eff_profiles": {
    "C11D": [
      [
        1.0,
        1.0,
        1.0,
        1.0,
        1.0
      ],
      [
        1.0,
        1.0,
        1.0,
        1.0,
        1.0
      ],
      [
        1.0,
        1.0,
        1.0,
        1.0,
        1.0
      ],
      [
        1.0,
        1.0,
        1.0,
        1.0,
        1.0
      ],
      [
        1.0,
        1.0,
        1.0,
        1.0,
        1.0
      ],
      [
        1.0,
        1.0,
        1.0,
        1.0,
        1.0
      ],
      [
        1.0,
        1.0,
        1.0,
        1.0,
        1.0
      ],
      [
        1.0,
        1.0,
        1.0,
        1.0,
        1.0
      ],
      [
        1.0,
        1.0,
        1.0,
        1.0,
        1.0
      ],
      [
        1.0,
        1.0,
        1.0,
        1.0,
        1.0
      ],
      [
        1.0,
        1.0,
        1.0,
        1.0,
        1.0
      ],
      [
        1.0,
        1.0,
        1.0,
        1.0,
        1.0
      ],
      [
        1.0,
        1.0,
        1.0,
        1.0,
        1.0
      ],
      [
        1.0,
        1.0,
        1.0,
        1.0,
        1.0
      ],
      [
        1.0,
        1.0,
        1.0,
        1.0,
        1.0
      ],
      [
        1.0,
        1.0,
        1.0,
        1.0,
        1.0
      ],
      [
        1.0,
        1.0,
        1.0,
        1.0,
        1.0
      ],
      [
        1.0,
        1.0,
        1.0,
        1.0,
        1.0
      ],
      [
        1.0,
        1.0,
        1.0,
        1.0,
        1.0
      ],
      [
        1.0,
        1.0,
        1.0,
        1.0,
        1.0
      ]
    ],
    "C28": [
      [
        1.000000096544217,
        1.0000008686743123,
        1.0000096237607974,
        1.0000844466619123,
        1.0007304095997624
      ],
      [
        1.0000001416597422,
        1.0000012744562408,
        1.0000141000596483,
        1.000122301963551,
        1.0009622630660706
      ],
      [
        1.0000001855257266,
        1.0000016689058722,
        1.0000184396785066,
        1.0001581790509688,
        1.0011463830185254
      ],
      [
        1.000000227297197,
        1.000002044435588,
        1.0000225604977517,
        1.000191522247161,
        1.001293238404959
      ],
      [
        1.000000266009373,
        1.0000023923872958,
        1.0000263694580276,
        1.0002217331664465,
        1.0014099865900081
      ],
      [
        1.0000003006788987,
        1.00000270394204,
        1.0000297724753573,
        1.0002482434217947,
        1.0015017705020246
      ],
      [
        1.0000003304203113,
        1.000002971164846,
        1.0000326856312405,
        1.0002705859539394,
        1.001572463439741
      ],
      [
        1.0000003545572207,
        1.0000031880007758,
        1.0000350456740699,
        1.0002884535978926,
        1.0016251127448055
      ],
      [
        1.0000003727054476,
        1.000003351018515,
        1.0000368177134116,
        1.0003017349150296,
        1.0016622108508548
      ],
      [
        1.0000003848109706,
        1.000003459748471,
        1.0000379985623613,
        1.0003105220203097,
        1.0016858634503083
      ],
      [
        1.000000391137299,
        1.0000035165677956,
        1.000038615301703,
        1.0003150914453858,
        1.0016978946292008
      ],
      [
        1.000000392209957,
        1.0000035262015832,
        1.0000387198474858,
        1.0003158646752355,
        1.0016999127670112
      ],
      [
        1.0000003887349318,
        1.0000034949913847,
        1.0000383811303293,
        1.0003133580740808,
        1.001693351923829
      ],
      [
        1.0000003815104872,
        1.0000034301047283,
        1.0000376767047987,
        1.0003081319522447,
        1.001679498052654
      ],
      [
        1.0000003713483225,
        1.000003338828587,
        1.0000366852727742,
        1.0003007462345657,
        1.0016595060353597
      ],
      [
        1.000000359013496,
        1.0000032280310476,
        1.0000354809905183,
        1.0002917268905633,
        1.0016344113926658
      ],
      [
        1.0000003451859056,
        1.0000031038161021,
        1.0000341298132662,
        1.0002815441848494,
        1.0016051391004217
      ],
      [
        1.0000003304413103,
        1.0000029713535052,
        1.0000326876860939,
        1.0002706016010041,
        1.0015725109966946
      ],
      [
        1.000000315247416,
        1.0000028348436052,
        1.0000312001611862,
        1.000259233141848,
        1.0015372526319235
      ],
      [
        1.000000299970003,
        1.000002697572185,
        1.000029702970297,
        1.0002477064220183,
        1.0015
      ]
    ],
    "A12": [
      [
        1.0,
        1.0,
        1.0,
        1.0,
        1.0
      ],
      [
        1.0,
        1.0,
        1.0,
        1.0,
        1.0
      ],
      [
        1.0,
        1.0,
        1.0,
        1.0,
        1.0
      ],
      [
        1.0,
        1.0,
        1.0,
        1.0,
        1.0
      ],
      [
        1.0,
        1.0,
        1.0,
        1.0,
        1.0
      ],
      [
        1.0,
        1.0,
        1.0,
        1.0,
        1.0
      ],
      [
        1.0,
        1.0,
        1.0,
        1.0,
        1.0
      ],
      [
        1.0,
        1.0,
        1.0,
        1.0,
        1.0
      ],
      [
        1.0,
        1.0,
        1.0,
        1.0,
        1.0
      ],
      [
        1.0,
        1.0,
        1.0,
        1.0,
        1.0
      ],
      [
        1.0,
        1.0,
        1.0,
        1.0,
        1.0
      ],
      [
        1.0,
        1.0,
        1.0,
        1.0,
        1.0
      ],
      [
        1.0,
        1.0,
        1.0,
        1.0,
        1.0
      ],
      [
        1.0,
        1.0,
        1.0,
        1.0,
        1.0
      ],
      [
        1.0,
        1.0,
        1.0,
        1.0,
        1.0
      ],
      [
        1.0,
        1.0,
        1.0,
        1.0,
        1.0
      ],
      [
        1.0,
        1.0,
        1.0,
        1.0,
        1.0
      ],
      [
        1.0,
        1.0,
        1.0,
        1.0,
        1.0
      ],
      [
        1.0,
        1.0,
        1.0,
        1.0,
        1.0
      ],
      [
        1.0,
        1.0,
        1.0,
        1.0,
        1.0
      ]
    ]
  },
  "growth_f_z": {
    "LCDM": [
      {
        "z": 999.0,
        "f": 1.0
      },
      {
        "z": 18.530866620865638,
        "f": 0.9975864691122104
      },
      {
        "z": 8.861737449824075,
        "f": 0.9975967963567313
      },
      {
        "z": 5.596174881500877,
        "f": 0.9950294927840148
      },
      {
        "z": 3.95530267187928,
        "f": 0.9895767481528611
      },
      {
        "z": 2.9681748389798397,
        "f": 0.9806000927167499
      },
      {
        "z": 2.3090008147790946,
        "f": 0.967555079903121
      },
      {
        "z": 1.8376278001967803,