{
  "chi2_lcdm": 12.1387821495185,
  "chi2_a01": 11.630100673075844,
  "chi2_free": 9.767296992264235,
  "dchi2_a01_vs_lcdm": -0.5086814764426553,
  "dchi2_free_vs_lcdm": -2.3714851572542646,
  "dchi2_a01_vs_free": 1.8628036808116093,
  "AIC_a01": 15.630100673075844,
  "AIC_free": 15.767296992264235,
  "delta_AIC": -0.1371963191883907,
  "BIC_a01": 15.521920971186471,
  "BIC_free": 15.605027439430174,
  "delta_BIC": -0.08310646824370238,
  "A_free_bestfit": 1.999999891939821,
  "Om_a01": 0.2885047431926838,
  "A_sqmh_pred": 0.2885047431926838,
  "A_deviation": 1.711495148747137,
  "A_scan": [
    -0.5,
    -0.44871794871794873,
    -0.39743589743589747,
    -0.34615384615384615,
    -0.2948717948717949,
    -0.2435897435897436,
    -0.1923076923076923,
    -0.14102564102564102,
    -0.08974358974358976,
    -0.03846153846153849,
    0.012820512820512775,
    0.0641025641025641,
    0.11538461538461542,
    0.16666666666666663,
    0.21794871794871795,
    0.26923076923076916,
    0.3205128205128205,
    0.3717948717948718,
    0.423076923076923,
    0.47435897435897434,
    0.5256410256410255,
    0.5769230769230769,
    0.6282051282051282,
    0.6794871794871795,
    0.7307692307692308,
    0.7820512820512819,
    0.8333333333333333,
    0.8846153846153846,
    0.9358974358974359,
    0.9871794871794872,
    1.0384615384615383,
    1.0897435897435896,
    1.141025641025641,
    1.1923076923076923,
    1.2435897435897436,
    1.2948717948717947,
    1.346153846153846,
    1.3974358974358974,
    1.4487179487179487,
    1.5
  ],
  "chi2_scan": [
    13.186306954200894,
    13.068679693591141,
    12.953452639882691,
    12.840599810051991,
    12.73009250234858,
    12.621907177558404,
    12.51600049886133,
    12.41236047682648,
    12.310954457512446,
    12.21175270478664,
    12.114729840814134,
    12.019863856140882,
    11.927115008307085,
    11.836462677650207,
    11.747884077737316,
    11.661349736359869,
    11.57683128871942,
    11.494305898217416,
    11.413743444327869,
    11.335126283110805,
    11.258423217555041,
    11.183596957712796,
    11.110640536989973,
    11.039521511694614,
    10.970220594516867,
    10.90270304642255,
    10.83695540512233,
    10.772946663867149,
    10.710659226708536,
    10.650057271198987,
    10.591127533440767,
    10.533848714907199,
    10.47819057928275,
    10.424136348775404,
    10.37166110489812,
    10.320744370111488,
    10.271360022387373,
    10.223493484711527,
    10.177114531773379,
    10.132208475165603
  ],
  "A_best_scan": 1.5,
  "chi2_best_scan": 10.132208475165603,
  "verdict": "K86/Q86 intermediate: delta_AIC=-0.14, A_free=2.0, Om=0.31, A_dev=1.711",
  "k86_triggered": false,
  "q86_triggered": false
}