{
  "LCDM": {
    "Om": 0.29214371491781055,
    "h": 0.6903925408248088,
    "chi2": 12.1387821495185,
    "k": 2.0,
    "label": "LCDM (A=0)",
    "AIC": 16.138782149518498,
    "BIC": 16.030602447629125,
    "dchi2_vs_lcdm": 0.0
  },
  "A01": {
    "Om": 0.2885047431926838,
    "h": 0.6815694755068188,
    "chi2": 11.630100673075844,
    "k": 2.0,
    "label": "A01 A=Om (SQMH)",
    "AIC": 15.630100673075844,
    "BIC": 15.521920971186471,
    "dchi2_vs_lcdm": -0.5086814764426553
  },
  "FreeA": {
    "Om": 0.2500000000006243,
    "h": 0.6000742776072263,
    "A": 3.446577768646838,
    "chi2": 9.336554044872946,
    "k": 3.0,
    "label": "Free-A (1+A*(1-a))",
    "AIC": 15.336554044872946,
    "BIC": 15.174284492038886,
    "dchi2_vs_lcdm": -2.802228104645554
  },
  "PowerN": {
    "Om": 0.3045598195963142,
    "h": 0.6585207981452226,
    "n": 4.625768613533541,
    "chi2": 11.127732147702396,
    "k": 3.0,
    "label": "Power-n (1+Om*(1-a^n))",
    "AIC": 17.127732147702396,
    "BIC": 16.965462594868335,
    "dchi2_vs_lcdm": -1.0110500018161037
  },
  "ExpOm": {
    "Om": 0.2876129955836919,
    "h": 0.6814691583199557,
    "chi2": 11.605623003323531,
    "k": 2.0,
    "label": "Exp-Om (OL0*exp(Om*(1-a)))",
    "AIC": 15.605623003323531,
    "BIC": 15.497443301434158,
    "dchi2_vs_lcdm": -0.5331591461949685
  },
  "FreeExp": {
    "Om": 0.25000000000026146,
    "h": 0.6438592076891606,
    "A": 1.4361438906761306,
    "chi2": 9.9420038853744,
    "k": 3.0,
    "label": "Free-Exp (OL0*exp(A*(1-a)))",
    "AIC": 15.9420038853744,
    "BIC": 15.77973433254034,
    "dchi2_vs_lcdm": -2.1967782641441005
  },
  "a01_aic_rank": 3
}