{
  "H0_planck": 67.4,
  "a0_sqt_planck": 1.0421903092736491e-10,
  "a0_mcgaugh": 1.2e-10,
  "n_pts": 3389,
  "n_gal": 175,
  "repro_M16": {
    "a0": 1.0686771873602096e-10,
    "chi2": 4384.4642839662665,
    "sigma_log": 0.006000000000000227,
    "chi2_sqt": 4387.168577979597,
    "chi2_per_dof": 1.2941157862946477
  },
  "L482_reported": {
    "a0": 1.0686771873602096e-10,
    "chi2": 4384.4642839662665,
    "sigma_log": 0.006
  },
  "repro_match": {
    "d_a0_pct": 0.0,
    "d_chi2": 0.0
  },
  "simple_nu": {
    "a0": 1.042682885068371e-10,
    "chi2": 4380.2015945402545,
    "chi2_sqt": 4380.202525194761,
    "sigma_log": 0.006000000000000227
  },
  "standard": {
    "a0": 1.207951247635408e-10,
    "chi2": 5070.197853064255,
    "chi2_sqt": 5152.976032875029,
    "sigma_log": 0.006000000000000227
  },
  "cross_form_spread_dex": 0.06389716176010118,
  "rescaled": {
    "rescale_factor": 1.1375921001372362,
    "a0": 1.068677187360721e-10,
    "sigma_log": 0.006999999999999673,
    "chi2_per_dof": 1.0000000000000002
  },
  "outer_only": {
    "n": 175,
    "a0": 8.55703119297539e-11,
    "chi2": 244.1040535914963,
    "sigma_log": 0.025000000000000355
  },
  "inner_only": {
    "n": 175,
    "a0": 6.847392003142185e-11,
    "chi2": 462.02802464325066,
    "sigma_log": 0.046499999999999986
  },
  "outer_inner_log10_diff": 0.09679792382666186,
  "K_audit": {
    "K_R1": true,
    "K_R2_orig": true,
    "K_R2_resc": true,
    "K_R3": true,
    "K_R4": true,
    "K_R5": true,
    "K_R6_shape_robust": false,
    "K_R7_outer_inner_consistent": true,
    "n_pass_orig5": 5,
    "n_pass_strict7": 6
  }
}