{
  "phase1": {
    "overall_std": 0.7839262006944676,
    "overall_median": -10.119625371117301,
    "bin_results": [
      {
        "bin": 0,
        "vmin": 17.8,
        "vmax": 67.5,
        "n": 43,
        "median": -10.308688075989965,
        "std": 1.0851967817346386
      },
      {
        "bin": 1,
        "vmin": 67.5,
        "vmax": 100.0,
        "n": 43,
        "median": -10.094567782409246,
        "std": 0.7304216909728422
      },
      {
        "bin": 2,
        "vmin": 100.0,
        "vmax": 186.5,
        "n": 45,
        "median": -9.96755385787688,
        "std": 0.6258739451773542
      },
      {
        "bin": 3,
        "vmin": 186.5,
        "vmax": 383.0,
        "n": 44,
        "median": -9.980894170420072,
        "std": 0.375932230427528
      }
    ],
    "mean_within_std": 0.7043561620780907,
    "var_reduction": 0.19270125549819098,
    "verdict": "FAIL (within-bin >=0.50 dex; intrinsic spread)",
    "log_a0": [
      -11.091991850960135,
      -10.6142206011587,
      -10.231543755806692,
      -10.145685284985397,
      -9.945505148678281,
      -9.995285206243326,
      -10.369272948311107,
      -10.076408133645742,
      -10.529091550623317,
      -9.867075350887244,
      -9.580029410426125,
      -9.411852963190055,
      -9.78853165217191,
      -12.920818522083229,
      -9.921438264979978,
      -12.920818513257188,
      -10.394256587403856,
      -9.714757690966223,
      -11.659383308805397,
      -9.900417045853473,
      -9.91278980624154,
      -10.446423751354928,
      -8.75303239133116,
      -10.064132620542726,
      -10.490498629546302,
      -11.714961595792634,
      -12.92081698783855,
      -10.262809659526358,
      -10.013766136612455,
      -10.082800573465276,
      -9.55207976951681,
      -10.544515115128227,
      -9.96755385787688,
      -10.085876301683674,
      -9.384589285810284,
      -10.728904658308346,
      -10.301060063785538,
      -9.715327466710304,
      -10.511304949599293,
      -9.653308888846377,
      -9.955476488300649,
      -10.254225940375742,
      -9.618582077010261,
      -10.193985015980859,
      -9.766028581195151,
      -10.237917589430573,
      -9.829725097662973,
      -9.666045612075573,
      -9.41191478265143,
      -10.40912277707225,
      -9.19906478977223,
      -10.272705487538929,
      -9.680777565189986,
      -10.140219808638381,
      -9.82026197806026,
      -10.168984732919313,
      -9.788621572088358,
      -9.950267497021349,
      -10.275194997209383,
      -9.724775137872085,
      -10.358104107726426,
      -9.753161028113249,
      -10.908605384408292,
      -9.546747843551708,
      -10.268910946677236,
      -9.48082557029739,
      -9.840796354432298,
      -10.83847347215665,
      -10.144809058149484,
      -8.972977402000584,
      -10.143014287305522,
      -10.136460720436803,
      -10.12790887374154,
      -9.988982428284666,
      -10.562006636614488,
      -9.369635505424485,
      -9.09004899104917,
      -9.573362886861558,
      -10.172881126416701,
      -9.816060055464982,
      -9.972805912555476,
      -10.084205401025098,
      -10.868345436317783,
      -9.810427459302158,
      -10.335278795438956,
      -10.782420117923998,
      -10.16011445149639,
      -10.54547415869635,
      -9.870069171990533,
      -10.150334200981728,
      -8.766425481498644,
      -10.105078432963758,
      -9.846866061690502,
      -10.119625371117301,
      -9.558366199262096,
      -12.920818324178969,
      -10.463789277737128,
      -10.346005852747403,
      -9.89088583318675,
      -10.899454290701428,
      -9.933982646466498,
      -10.84341880483378,
      -9.843350600305243,
      -9.845494536270515,
      -10.494442909411323,
      -10.445674127362375,
      -10.084150952717154,
      -10.145364526026036,
      -9.800365915367799,
      -9.843929183457059,
      -10.14435432000605,
      -9.903914758835985,
      -9.769198094179245,
      -9.80555571755979,
      -12.920818612737536,
      -12.92080460888608,
      -10.39391588251521,
      -10.225383552110339,
      -10.149240025826057,
      -9.939740143600241,
      -9.908940897254858,
      -10.201464874786781,
      -9.597860510799952,
      -10.779128180833656,
      -10.283706670323246,
      -10.488775826451919,
      -11.365483328396806,
      -9.35144229781613,
      -10.13538430916377,
      -9.930496615162806,
      -10.216565469280152,
      -9.783835400019983,
      -12.920815515679648,
      -12.9208185089892,
      -9.47971979061032,
      -9.43639077038179,
      -9.578039036325341,
      -9.933633140689128,
      -9.730748883704397,
      -10.534836487034749,
      -9.0113486306914,
      -10.125970727976064,
      -9.944045986972574,
      -11.021827220824875,
      -10.472613742440988,
      -9.254404722007488,
      -10.218057083308588,
      -9.78807372626381,
      -9.29849663127767,
      -10.593773683764617,
      -10.398421532211861,
      -11.024570695169428,
      -9.458855353815396,
      -9.635040143156111,
      -10.477916107559734,
      -10.62833373775264,
      -10.094567782409246,
      -9.934006845112945,
      -10.038286475370294,
      -9.926239363742921,
      -10.308688075989965,
      -9.907684774056824,
      -10.169657986789913,
      -12.920813645017116,
      -10.92168043259681,
      -9.8530890737102,
      -10.340521776891485,
      -10.330406886666479,
      -10.184210292158976,
      -10.545643871909675,
      -10.803781785915813,
      -10.25708805553452,
      -9.9832537805986,
      -9.873883543515213,
      -10.431267121965186
    ],
    "V_max": [
      20.1,
      37.2,
      25.0,
      58.5,
      46.9,
      48.2,
      67.5,
      55.0,
      62.2,
      178.0,
      112.0,
      63.1,
      321.0,
      50.4,
      112.5,
      29.5,
      118.0,
      83.1,
      52.2,
      142.0,
      120.0,
      118.0,
      144.0,
      84.3,
      99.7,
      40.0,
      114.0,
      86.9,
      69.9,
      67.5,
      250.0,
      34.6,
      110.0,
      87.4,
      91.2,
      108.0,
      194.0,
      97.0,
      238.0,
      234.0,
      115.0,
      176.0,
      73.2,
      53.7,
      136.0,
      212.0,
      323.0,
      216.0,
      86.5,
      276.0,
      88.7,
      214.0,
      67.3,
      157.0,
      220.0,
      169.0,
      51.6,
      126.0,
      171.0,
      194.0,
      138.0,
      169.0,
      224.0,
      134.0,
      272.0,
      129.0,
      198.0,
      161.0,
      41.9,
      136.0,
      182.0,
      195.0,
      195.0,
      201.0,
      115.0,
      80.6,
      191.0,
      110.0,
      124.0,
      265.0,
      225.0,
      206.0,
      242.0,
      92.3,
      235.0,
      305.0,
      166.0,
      258.0,
      121.0,
      291.0,
      60.4,
      181.0,
      257.0,
      116.0,
      265.0,
      20.5,
      134.0,
      83.85,
      108.0,
      74.0,
      63.75,
      113.0,
      56.9,
      58.8,
      90.0,
      61.0,
      383.0,
      305.0,
      218.0,
      319.0,
      237.0,
      262.0,
      131.0,
      92.8,
      37.3,
      92.7,
      24.3,
      74.3,
      100.0,
      248.0,
      61.4,
      74.7,
      82.6,
      78.9,
      55.8,
      68.6,
      44.5,
      116.0,
      100.0,
      87.6,
      84.9,
      205.0,
      42.3,
      85.7,
      229.0,
      276.0,
      74.4,
      111.0,
      81.1,
      109.0,
      180.0,
      113.0,
      79.1,
      65.6,
      76.2,
      44.0,
      76.1,
      85.6,
      106.0,
      83.8,
      32.1,
      17.8,
      64.0,
      69.3,
      60.7,
      33.1,
      84.3,
      80.1,
      57.8,
      202.0,
      48.0,
      160.0,
      289.0,
      34.3,
      73.2,
      291.0,
      85.0,
      84.45,
      305.0,
      255.0,
      73.2,
      98.0,
      29.5,
      57.8,
      38.3
    ]
  },
  "phase2": {
    "log_sigma": {
      "T17_tension": 8.369215857410143,
      "T17_sc": 8.068185861746162,
      "T20_s8": 7.748188027006201,
      "T22_a0": 9.519827993775719,