{
  "r0": {
    "lcdm_aicc": 1670.1355601816342,
    "d_aicc": 1661.6936765444077
  },
  "models": {
    "he_s": {
      "aicc": 1871.9137024098604,
      "daicc": 201.79100240986054,
      "boundary": false,
      "w0": -0.6794409758535507,
      "wa": 0.14648078831692382,
      "params": [
        0.28779677323971264,
        73.57150678339741
      ],
      "raw_params": [
        0.28779677323971264,
        73.57150678339741
      ],
      "chi2": 1867.907215923374,
      "extra": {
        "alpha_H": 0.404124138032321
      }
    },
    "he_sf": {
      "aicc": 1673.9872052197982,
      "daicc": 3.864505219798275,
      "boundary": true,
      "w0": -0.9967328251569524,
      "wa": 0.0489513888821244,
      "params": [
        0.3086719059665965,
        68.67018884945378,
        0.010006547579603594
      ],
      "raw_params": [
        0.3086719059665965,
        68.67018884945378,
        0.010006547579603594
      ],
      "chi2": 1667.9742252306148,
      "extra": {
        "alpha_H": 0.010006547579603594,
        "alpha_th": 0.4465259429300882,
        "dev_pct": -97.75902212670086
      }
    },
    "he_d": {
      "aicc": 1661.724156725478,
      "daicc": -8.398543274521899,
      "boundary": false,
      "w0": -1.1383115404657191,
      "wa": 0.37125087806936397,
      "params": [
        0.3219155036662008,
        66.98496317740197,
        1.039915557207661,
        3.0417233481063577
      ],
      "raw_params": [
        0.3219155036662008,
        66.98496317740197,
        1.039915557207661,
        3.0417233481063577
      ],
      "chi2": 1653.702511703833,
      "extra": {
        "amp": 1.039915557207661,
        "beta": 3.0417233481063577,
        "alpha_H": 0.4747801322371393
      }
    },
    "he_bd": {
      "aicc": 1669.223038945317,
      "daicc": -0.8996610546828379,
      "boundary": false,
      "w0": -1.311787054420235,
      "wa": 0.8001490008814958,
      "params": [
        0.329900949708793,
        65.84193633994641,
        -0.07370593024677738,
        2.5833541271551077
      ],
      "raw_params": [
        0.329900949708793,
        65.84193633994641,
        -0.07370593024677738,
        2.5833541271551077
      ],
      "chi2": 1661.201393923672,
      "extra": {
        "B_A": -0.07370593024677738,
        "m2": 2.5833541271551077
      }
    }
  },
  "bootstrap": {
    "valid": 300,
    "median": -4.440569544160098,
    "ci68": [
      -6.96354173151095,
      -1.9041965615379468
    ],
    "frac_lt4": 0.5566666666666666,
    "frac_lt2": 0.83,
    "frac_lt0": 0.98,
    "verdict": "FAIL"
  },
  "elapsed": 17209.235669136047,
  "winner": "he_d",
  "winner_daicc": -8.398543274521899
}