{
  "O4": {
    "n_field": 92,
    "n_cluster": 26,
    "med_field": -10.149786695555658,
    "med_cluster": -9.96962824847932,
    "std_field": 0.7120774941836995,
    "std_cluster": 0.7205128752933192,
    "median_diff": 0.18015844707633732,
    "ci_95": [
      -0.1098868182990321,
      0.3289220927017725
    ],
    "t_stat": 0.8733775630579,
    "p_value": 0.38774462073676474,
    "verdict": "INCONCLUSIVE - difference +0.180 dex CI [-0.11,0.33] crosses 0 but exceeds \u00b10.05"
  },
  "O5": {
    "slope_dex_per_Mpc": 0.0020964547045920347,
    "slope_ci_95": [
      -0.0017660176669292934,
      0.0061948248278881
    ],
    "intercept": 9.504833700553233,
    "r2": 0.006983693669436075,
    "total_span_dex": 0.26587238563636184,
    "verdict": "MARGINAL - slope CI crosses 0 but total variation 0.266 dex > 0.05"
  },
  "O8": {
    "base_R2": 0.26197578586204784,
    "residual_std": 0.5671939868828696,
    "residual_predictors": {
      "log_Vmax_sq": {
        "slope": 0.005809194750872685,
        "r2": 0.0001315425618790833,
        "n": 163
      },
      "Q_sq": {
        "slope": -7.134816192378899e-14,
        "r2": -2.220446049250313e-16,
        "n": 163
      },
      "chi2_red_log": {
        "slope": -0.01879551473562272,
        "r2": 0.0003883935864674726,
        "n": 163
      },
      "log_L36_sq": {
        "slope": 0.017725459244392845,
        "r2": 0.0040877763196994765,
        "n": 163
      },
      "T_sq": {
        "slope": 0.0002140127566907818,
        "r2": 0.00018215908597563057,
        "n": 163
      },
      "D_sq": {
        "slope": -2.211845705150487e-06,
        "r2": 0.00010085185439279165,
        "n": 163
      }
    },
    "null_p95": 0.018029511859542,
    "verdict": "PURE NOISE - top R^2=0.004 <= null 95th 0.018; residual scatter is intrinsic / fitting noise"
  }
}