{
  "lcdm": {
    "chi2": 10.187251032215872,
    "Om": 0.2966087520738925,
    "H0": 69.08415377474105,
    "k": 2,
    "aicc": 15.387251032215872
  },
  "candidates": {
    "C1_slowroll": {
      "name": "C1_slowroll",
      "chi2": 7.514839605130435,
      "k": 5,
      "aicc": 26.086268176559003,
      "Om": 0.3254726883215242,
      "H0": 68.2632924955281,
      "amp": -1.4755995187199515,
      "shape": [
        1.2643925741848712,
        3.9999999999540465
      ],
      "w0": -1.180602149475968,
      "wa": 1.0423144485022358,
      "d_aicc_vs_lcdm": 10.69901714434313,
      "G2_box_ok": false,
      "G2_w0_ok": false,
      "G2_wa_ok": false,
      "G3_aicc_ok": false,
      "verdict": "FAIL"
    },
    "C2_thawing": {
      "name": "C2_thawing",
      "chi2": 7.981235457245752,
      "k": 4,
      "aicc": 20.981235457245752,
      "Om": 0.31753756255913224,
      "H0": 65.972058467807,
      "amp": 0.2886447797134861,
      "shape": [
        4.999999999999207
      ],
      "w0": -1.2787661042161522,
      "wa": 0.5879428558296353,
      "d_aicc_vs_lcdm": 5.5939844250298805,
      "G2_box_ok": false,
      "G2_w0_ok": false,
      "G2_wa_ok": false,
      "G3_aicc_ok": false,
      "verdict": "FAIL"
    }
  },
  "overall_gate": "CLOSE_TIER_B_PERMANENTLY"
}