{
  "mean": [
    0.9945077421634719,
    1.4907928769294234,
    2.0012819806964
  ],
  "std": [
    0.015541016510369512,
    0.017355718761601958,
    0.017896078520548316
  ],
  "max_dev": 0.039003483158330354,
  "stable": true
}