{
  "phase": "L7-X3",
  "method": "SKAO_MID_Band12_Fisher_forecast",
  "reference": "Bacon+2020 (SKA SWG), optimistic scenario",
  "r_d_Mpc": 147.09,
  "z_bins": [
    0.35,
    0.47,
    0.58,
    0.68,
    0.79,
    0.9,
    1.02,
    1.15,
    1.3,
    1.45,
    1.65,
    1.85,
    2.1
  ],
  "sigma_DA_frac": [
    0.0062,
    0.0053,
    0.0052,
    0.0052,
    0.0053,
    0.0055000000000000005,
    0.005600000000000001,
    0.0059,
    0.0063,
    0.0068000000000000005,
    0.0077,
    0.0089,
    0.011000000000000001
  ],
  "sigma_Hr_frac": [
    0.0092,
    0.008100000000000001,
    0.008,
    0.0079,
    0.008,
    0.008199999999999999,
    0.0084,
    0.0088,
    0.009399999999999999,
    0.0102,
    0.011399999999999999,
    0.0132,
    0.016200000000000003
  ],
  "results": {
    "C11D": {
      "DA_model": [
        9.508582738965291,
        12.337559853864208,
        14.757463422011108,
        16.822963674811007,
        18.95718446169448,
        20.957283261624543,
        22.99821193120832,
        25.057276125579982,
        27.25548797776723,
        29.28296851556062,
        31.752066776368682,
        33.98764018989104,
        36.501547924411135
      ],
      "DA_lcdm": [
        9.637932999558222,
        12.530039743853012,
        15.00478132309665,
        17.11583743893806,
        19.29474037249511,
        21.333799328178294,
        23.41112321460365,
        25.50321976973,
        27.732525901137496,
        29.784933537974,
        32.27977013287501,
        34.53460786004656,
        37.0660792978771
      ],
      "Hr_model": [
        0.04092584955177234,
        0.0439855782289237,
        0.04699236350123877,
        0.049891400654684386,
        0.05325788279521416,
        0.056804179307055176,
        0.06086967426282632,
        0.06549514640842967,
        0.07110330494971463,
        0.07698595051925157,
        0.08523032935681446,
        0.09390389326917359,
        0.10530817566104715
      ],
      "Hr_lcdm": [
        0.040059556840005096,
        0.04300858404851724,
        0.045960560955058335,
        0.04883758377758412,
        0.05220175686762392,
        0.05576190594839976,
        0.05985488806627198,
        0.06451930753637365,
        0.0701789063631422,
        0.07611588786822844,
        0.0844327234737803,
        0.0931756162621614,
        0.10465972530956
      ],
      "snr_DA_per_bin": [
        -2.1646700861980093,
        -2.898391475020042,
        -3.1697319541026787,
        -3.290629390333538,
        -3.3008889086413977,
        -3.2088736559791315,
        -3.1495352475515137,
        -2.963691219479423,
        -2.7303789624789148,
        -2.4783800694036278,
        -2.123091433435683,
        -1.779578382345225,
        -1.3845822089521878
      ],
      "snr_Hr_per_bin": [
        2.350556489057671,
        2.8044765516161374,
        2.806217234786802,
        2.73139109446122,
        2.5289520673327646,
        2.279450549461482,
        2.0183461108209477,
        1.7187224282117457,
        1.4012796759530093,
        1.1206630086467604,
        0.8286529849775299,
        0.5921345384611257,
        0.3824565691924224
      ],
      "total_snr": 12.198127717814076,
      "distinguishable_2sigma": true,
      "z_bins": [
        0.35,
        0.47,
        0.58,
        0.68,
        0.79,
        0.9,
        1.02,
        1.15,
        1.3,
        1.45,
        1.65,
        1.85,
        2.1
      ]
    },
    "A12": {
      "DA_model": [
        9.513700884648708,
        12.343259540992907,
        14.762686949110067,
        16.827037399649893,
        18.95938397753683,
        20.957157007919875,
        22.995230357067886,
        25.051020712544585,
        27.24542305207154,
        29.269212292831337,
        31.73372822726174,
        33.96519242297244,
        36.47465029942987
      ],
      "DA_lcdm": [
        9.637932999558222,
        12.530039743853012,
        15.00478132309665,
        17.11583743893806,
        19.29474037249511,
        21.333799328178294,
        23.41112321460365,
        25.50321976973,
        27.732525901137496,
        29.784933537974,
        32.27977013287501,
        34.53460786004656,
        37.0660792978771
      ],
      "Hr_model": [
        0.040909484526397484,
        0.043985750829250735,
        0.0470107781282632,
        0.0499272997022147,
        0.05331287736515725,
        0.05687739674875757,
        0.06096127500716318,
        0.06560461041095778,
        0.07123063209875738,
        0.07712831053422378,
        0.08538876002870689,
        0.09407449575781952,
        0.10548955118623854
      ],
      "Hr_lcdm": [
        0.040059556840005096,
        0.04300858404851724,
        0.045960560955058335,
        0.04883758377758412,
        0.05220175686762392,
        0.05576190594839976,
        0.05985488806627198,
        0.06451930753637365,
        0.0701789063631422,
        0.07611588786822844,
        0.0844327234737803,
        0.0931756162621614,
        0.10465972530956
      ],
      "snr_DA_per_bin": [
        -2.0790181763610267,
        -2.8125647188583316,
        -3.1027849976307924,
        -3.2448584121002195,
        -3.2793803015748777,
        -3.2099496583675196,
        -3.172277597363972,
        -3.005263989784425,
        -2.7879866704453464,
        -2.5462994397187395,
        -2.1968723105715737,
        -1.8526129745522906,
        -1.4505519225280352
      ],
      "snr_Hr_per_bin": [
        2.3061524255512427,
        2.804972003461897,
        2.8562999215561176,
        2.8244379424048067,
        2.6606396130281937,
        2.439577004131667,
        2.2005342473056224,
        1.9115188432904877,
        1.5942926778575288,
        1.3040263589780874,
        0.9932506289621035,
        0.7308449809191703,
        0.489432008315993
      ],
      "total_snr": 12.41018532134074,
      "distinguishable_2sigma": true,
      "z_bins": [
        0.35,
        0.47,
        0.58,
        0.68,
        0.79,
        0.9,
        1.02,
        1.15,
        1.3,
        1.45,
        1.65,
        1.85,
        2.1
      ]
    },
    "C28": {
      "DA_model": [
        9.465175973374613,
        12.277562798780327,
        14.683773939427569,
        16.73833778996196,
        18.86221347167911,
        20.853621999677593,
        22.886748151211886,
        24.939044733244554,
        27.131225884258953,
        29.154178193726853,
        31.61898748657459,
        33.851709783518636,
        36.363414748208996
      ],
      "DA_lcdm": [
        9.619477685227059,
        12.506046443415523,
        14.976049233363218,
        17.083062967483322,
        19.25779360200719,
        21.292948040615126,
        23.36629413789281,
        25.454384616245463,
        27.679421933437563,
        29.727899492312826,
        32.21795881873045,
        34.468478842197,
        36.9951028608654
      ],
      "Hr_model": [
        0.041167377577847185,
        0.04424213354280697,
        0.04725155195952178,
        0.050146554767497145,
        0.053503759354852916,
        0.0570374349231267,
        0.06108686585753127,
        0.06569355412382004,
        0.0712795167195771,
        0.07714031498037706,
        0.08535701452548658,
        0.09400507432733335,
        0.10538074213114465
      ],
      "Hr_lcdm": [
        0.04013641254232507,
        0.04309109756572957,
        0.04604873794626491,
        0.04893128044067572,
        0.052301907817930766,
        0.05586888717291706,
        0.05996972182436844,
        0.06464309015118665,
        0.07031354712210336,
        0.07626191893999454,
        0.08459471069414026,
        0.09335437703716261,
        0.10486051876130505
      ],