{
  "t_Pl": 5.391880516268127e-44,
  "t_H": 4.5786350148367955e+17,
  "tau_candidate_n0sigma0c": 1.79907052649997e-52,
  "tau_candidate_n0sigma0": 5.39361343844691e-44,
  "rho_Pl_to_rho_Lambda": 7.01568599605477e+121,
  "tau_unity_screening": 1e+17,
  "derivable_via_n0sigma0": false
}