{
  "label": "L374_smoke_test",
  "seed": 374,
  "ndim": 6,
  "n_datasets": 5,
  "n_walkers": 200,
  "n_steps": 200,
  "burn": 50,
  "elapsed_sec": 0.3293139934539795,
  "acceptance_fraction": 0.5173000000000001,
  "posterior_mean": [
    0.03655395876738546,
    0.24017045377481028,
    -0.20904100616085086,
    -0.14564536575003686,
    0.01840638893723313,
    0.1465391785087938
  ],
  "posterior_std": [
    0.19141886723526125,
    0.17425586730741674,
    0.18879684371934485,
    0.17609667955988625,
    0.16688900865786369,
    0.17629926482663866
  ],
  "rhat": [
    1.000129734195848,
    1.0027523114524188,
    1.0003419726482252,
    1.000527921665386,
    1.0088859748210148,
    1.0035671099661037
  ],
  "autocorr_tau": [
    16.629766248189654,
    17.81161255737634,
    16.77476663492033,
    16.296539258013162,
    16.735445861251495,
    16.70240902994879
  ],
  "autocorr_warning": null,
  "ess": [
    1803.994088207094,
    1684.2944401222153,
    1788.4004381645743,
    1840.881645178053,
    1792.602375145598,
    1796.1480853574799
  ],
  "criteria": {
    "rhat_lt_1p2": true,
    "tau_lt_nsteps_half": true,
    "ess_gt_50": true
  },
  "convergence_pass": true,
  "honest_one_liner": "smoke test only \u2014 emcee pipeline runs and reports R-hat/ESS; no physics conclusions about SQMH from this run",
  "emcee_version": "3.1.6"
}