{
  "id": "cpl_erf135_ratio",
  "name": "cpl_erf135_ratio|identity|amp=0.850",
  "chi2": 5.767582621381733,
  "aicc": 10.967582621381732,
  "d_aicc": -4.4244173786182674,
  "w0": -1.2264176169081815,
  "wa": -0.5281072633630968,
  "Om": 0.22119439922223028,
  "H0": 65.76370328392531,
  "status": "Q92",
  "c_sat": 1.35,
  "amp": 0.85
}