{
  "chi2_3reg": 82.96473754093398,
  "chi2_smooth": 1314.5854706446414,
  "AICc_3reg": 89.21473754093398,
  "AICc_smooth": 1318.7091819848476,
  "delta": 1229.4944444439136,
  "three_regime_wins": true
}