{
  "channels": [
    "DESI_DR3",
    "Euclid",
    "CMB_S4",
    "ET",
    "LSST",
    "SKA"
  ],
  "sigmas": [
    5.0,
    4.4,
    7.9,
    7.4,
    2.85,
    0.0
  ],
  "observables": [
    "BAO",
    "RSD",
    "WL_shear",
    "CMB_compr",
    "CMB_lens",
    "GW_scalar",
    "HI_21cm",
    "Clusters"
  ],
  "incidence_matrix_A": [
    [
      1.0,
      1.0,
      0.0,
      0.0,
      0.0,
      0.0,
      0.0,
      0.0
    ],
    [
      0.5,
      0.5,
      1.0,
      0.0,
      0.0,
      0.0,
      0.0,
      0.5
    ],
    [
      0.0,
      0.0,
      0.0,
      1.0,
      1.0,
      0.0,
      0.0,
      0.0
    ],
    [
      0.0,
      0.0,
      0.0,
      0.0,
      0.0,
      1.0,
      0.0,
      0.0
    ],
    [
      0.0,
      0.0,
      1.0,
      0.0,
      0.0,
      0.0,
      0.0,
      1.0
    ],
    [
      0.0,
      0.5,
      0.0,
      0.0,
      0.0,
      0.0,
      1.0,
      0.0
    ]
  ],
  "correlation_matrix_rho": [
    [
      0.9999999999999998,
      0.5345224838248487,
      0.0,
      0.0,
      0.0,
      0.3162277660168379
    ],
    [
      0.5345224838248487,
      0.9999999999999998,
      0.0,
      0.0,
      0.8017837257372731,
      0.1690308509457033
    ],
    [
      0.0,
      0.0,
      0.9999999999999998,
      0.0,
      0.0,
      0.0
    ],
    [
      0.0,
      0.0,
      0.0,
      1.0,
      0.0,
      0.0
    ],
    [
      0.0,
      0.8017837257372731,
      0.0,
      0.0,
      0.9999999999999998,
      0.0
    ],
    [
      0.3162277660168379,
      0.1690308509457033,
      0.0,
      0.0,
      0.0,
      0.9999999999999999
    ]
  ],
  "eigenvalues": [
    0.03635224561040171,
    0.7121339329943557,
    1.0,
    1.0,
    1.2259704522972397,
    2.0255433690980023
  ],
  "N_channels": 6,
  "N_eff_CheverudGalwey": 5.7063492063492065,
  "N_eff_ParticipationRatio": 4.436619718309859,
  "N_eff_LiJi": 5.0,
  "Z_combined_naive_independent_all6": 11.247240402279429,
  "Z_combined_correlation_corrected_all6": 8.871817515312959,
  "Z_combined_naive_active5": 12.320734556023842,
  "Z_combined_correlation_corrected_active5": 9.946034766267635,
  "p_values_two_sided": [
    5.733031438470704e-07,
    1.0825087815469203e-05,
    2.886579864025407e-15,
    1.361133428190442e-13,
    0.0043719229098264645,
    1.0
  ],
  "Bonferroni_threshold_active": 0.01,
  "Bonferroni_pass_active": [
    true,
    true,
    true,
    true,
    true
  ],
  "Holm_pass_active": [
    true,
    true,
    true,
    true,
    true
  ],
  "active_channel_names": [
    "DESI_DR3",
    "Euclid",
    "CMB_S4",
    "ET",
    "LSST"
  ]
}