{
  "candidate": "C23",
  "name": "Asymptotic Safety effective RVM (Bonanno-Platania 2018)",
  "backend": "emcee",
  "param_names": [
    "Omega_m",
    "h",
    "nu_eff"
  ],
  "nwalkers": 24,
  "nsteps": 500,
  "nburn": 150,
  "seed": 42,
  "unitarity_bound_abs": 0.03,
  "n_samples": 840,
  "means": [
    0.3322571810816938,
    0.654110234435214,
    0.008987221869192456
  ],
  "stds": [
    0.004677797336851713,
    0.005614147526398425,
    0.002921252823805932
  ],
  "rhat": [
    1.0535824776649951,
    1.058022004680122,
    1.0615989404846915
  ],
  "nu_eff_median": 0.008995448572714677,
  "nu_eff_1sigma": [
    0.006157830237875006,
    0.011973368770474857
  ],
  "nu_eff_2sigma": [
    0.0030240166454063144,
    0.014503303716338378
  ],
  "posterior_at_boundary": false,
  "best_fit": {
    "Omega_m": 0.33252507913230694,
    "h": 0.6537264238082331,
    "nu_eff": 0.009044025205195639,
    "chi2_bao": 18.64951044911186,
    "chi2_sn": 1641.6578847698902,
    "chi2_cmb": 0.14285091501031005,
    "chi2_rsd": 7.736745463678863,
    "chi2_total": 1668.1869915976913
  }
}