{
  "lcdm": {
    "M": [
      316227766016.83795,
      501187233627.2715,
      794328234724.2821,
      1258925411794.1663,
      1995262314968.8828,
      3162277660168.3794,
      5011872336272.715,
      7943282347242.821,
      12589254117941.662,
      19952623149688.83,
      31622776601683.793,
      50118723362727.15,
      79432823472428.22,
      125892541179416.62,
      199526231496888.28,
      316227766016837.94,
      501187233627271.44,
      794328234724282.1,
      1258925411794166.2,
      1995262314968882.8,
      3162277660168379.5
    ],
    "n_eff": [
      -2.071910482853509,
      -2.0376144632627575,
      -2.0003406024095867,
      -1.9605674100227706,
      -1.9186086403209153,
      -1.87422173412177,
      -1.8263473954746452,
      -1.7751173667908322,
      -1.7204816722200285,
      -1.662367938864426,
      -1.5997672778791134,
      -1.532187104835245,
      -1.4613148597314858,
      -1.390237849413742,
      -1.31236083490289,
      -1.235144984069711,
      -1.181040120801022,
      -1.0171157983626973,
      -1.0077620471686117,
      -0.8771375868858762,
      -0.8723716804233312
    ],
    "z": [
      0.0,
      0.5,
      1.0
    ],
    "Dz": [
      1.0,
      0.768922482928583,
      0.6067538324041872
    ],
    "sigma": {
      "0.00": [
        2.4801936133578484,
        2.3066568423003155,
        2.1393735538824754,
        1.9783911354239934,
        1.8237974693893217,
        1.6756216537499142,
        1.5340163550022492,
        1.3990209227743595,
        1.2707075250788458,
        1.1491587501539504,
        1.0344379319846324,
        0.9265960605714926,
        0.8256715310833601,
        0.7317327890366881,
        0.644784233344716,
        0.5651547306137101,
        0.4908098088968269,
        0.42594147487287665,
        0.3650375839717469,
        0.31220887755681953,
        0.2643095306974786
      ],
      "0.50": [
        1.9070766313267307,
        1.7736403064457635,
        1.6450124249630595,
        1.5212294240541155,
        1.4023588785217036,
        1.2884231624502824,
        1.179539664541384,
        1.0757386416086978,
        0.9770755852596608,
        0.8836139994474828,
        0.7954025830971322,
        0.7124805435664757,
        0.634877403764062,
        0.5626457929863473,
        0.4957890936566219,
        0.43456017870232844,
        0.3773946969026515,
        0.327515976441515,
        0.28068560542980675,
        0.24006442532333563,
        0.20323354060559376
      ],
      "1.00": [
        1.5048669800092636,
        1.3995728791070574,
        1.298073102762358,
        1.2003964034129793,
        1.1065961040810293,
        1.0166898600722025,
        0.9307703023683169,
        0.8488613065069851,
        0.7710066607064295,
        0.6972564756967153,
        0.6276491796159377,
        0.5622157108423755,
        0.5009793657918618,
        0.44398167404381517,
        0.39122530465570216,
        0.3429097987012247,
        0.29780073252971645,
        0.25844162225900974,
        0.22148795304642274,
        0.1894339329682099,
        0.1603708206916473
      ]
    },
    "nu": {
      "0.00": [
        0.6797856388789675,
        0.7309279686000606,
        0.788081163731455,
        0.8522076195204289,
        0.9244447523904824,
        1.0061937288927125,
        1.0990756353425761,
        1.2051285099128755,
        1.3268198753252727,
        1.467160215918062,
        1.6298706262301363,
        1.819563099545376,
        2.0419742434231765,
        2.3041197897111947,
        2.6148282057924126,
        2.983253804085028,
        3.4351391708930046,
        3.9582902803799302,
        4.618702495386044,
        5.400230810839648,
        6.378884618919584
      ],
      "0.50": [
        0.8840756434769323,
        0.9505873281480686,
        1.0249162707922166,
        1.1083140868434995,
        1.202260010488397,
        1.3085762885491894,
        1.4293711781668084,
        1.5672951912173534,
        1.7255573933432595,
        1.908072983287095,
        2.1196813234312954,
        2.366380408874552,
        2.655630819437014,
        2.996556663209443,
        3.4006395492993744,
        3.8797848551947083,
        4.4674713604544944,
        5.147840475809801,
        6.006720570576716,
        7.023114723179733,
        8.295874760514774
      ],
      "1.00": [
        1.1203648045953014,
        1.2046532375475052,
        1.2988482670291188,
        1.4045360309364037,
        1.5235911221647898,
        1.6583228241110468,
        1.8114028732008574,
        1.986190190406713,
        2.18675153656288,
        2.418048535605651,
        2.686213978693756,
        2.998848960435209,
        3.3654080689232817,
        3.7974540359826063,
        4.309537189788284,
        4.916744888555961,
        5.6615038709878265,
        6.523716982051342,
        7.6121521591136965,
        8.900200579602274,
        10.513134451321125
      ]
    },
    "c": {
      "0.00": [
        13.250381778535305,
        12.561161138369728,
        11.897696205110467,
        11.25335066317227,
        10.624671494042563,
        10.013008406140658,
        9.425796195915677,
        8.860982208169172,
        8.318831688891144,
        7.8006445303970295,
        7.312787323562014,
        6.858971355139276,
        6.435835364794675,
        6.040712752034042,
        5.70511573574611,
        5.4211695951555745,
        5.153090664205319,
        5.199623503563327,
        5.093054817802214,
        5.335172449595977,
        5.692624280640422
      ],
      "0.50": [
        9.952547669367688,
        9.448732255859255,
        8.965682311330102,
        8.498801049757368,
        8.045947433411698,
        7.608664836158104,
        7.193126932612373,
        6.798680389176949,
        6.426644454946731,
        6.079444906437658,
        5.763680857037526,
        5.484599093827364,
        5.243199677039272,
        5.042367851623243,
        4.911083861117386,
        4.851967242743522,
        4.860380481103377,
        5.132412219878601,
        5.425149028020244,
        6.049571750159495,
        6.987993090990562
      ],
      "1.00": [
        7.744956552198752,
        7.372002742545905,
        7.017165085550471,
        6.6774008515080014,
        6.351667540054745,
        6.04189594243447,
        5.753702368460599,
        5.487802648146949,
        5.246766754333632,
        5.034479634981273,
        4.858580514932983,
        4.726541060230128,
        4.643996492803608,
        4.6199278045888335,
        4.68420542604033,
        4.8506278977472075,
        5.146232464954638,
        5.6846130123631795,
        6.426098471917169,
        7.521856289756697,
        9.175271654719678
      ]
    }
  },
  "sqt": {
    "M": [
      316227766016.83795,
      501187233627.2715,
      794328234724.2821,
      1258925411794.1663,
      1995262314968.8828,
      3162277660168.3794,
      5011872336272.715,
      7943282347242.821,
      12589254117941.662,
      19952623149688.83,
      31622776601683.793,
      50118723362727.15,
      79432823472428.22,
      125892541179416.62,
      199526231496888.28,
      316227766016837.94,
      501187233627271.44,
      794328234724282.1,
      1258925411794166.2,
      1995262314968882.8,
      3162277660168379.5
    ],
    "n_eff": [
      -2.071910482853509,
      -2.0376144632627575,
      -2.0003406024095867,
      -1.9605674100227706,
      -1.9186086403209153,
      -1.87422173412177,
      -1.8263473954746452,
      -1.7751173667908322,
      -1.7204816722200285,
      -1.662367938864426,
      -1.5997672778791134,
      -1.532187104835245,
      -1.4613148597314858,
      -1.390237849413742,
      -1.31236083490289,
      -1.235144984069711,
      -1.181040120801022,
      -1.0171157983626973,
      -1.0077620471686117,
      -0.8771375868858762,
      -0.8723716804233312
    ],
    "z": [
      0.0,
      0.5,
      1.0
    ],