{
  "seed": 4242,
  "n_dsph": 5,
  "dsph_archive": {
    "Draco": [
      9.1,
      221.0,
      82.0,
      2.2
    ],
    "UrsaMinor": [
      9.5,
      181.0,
      78.0,
      1.8
    ],
    "Sculptor": [
      9.2,
      283.0,
      86.0,
      3.4
    ],
    "Sextans": [
      7.9,
      695.0,
      89.0,
      4.1
    ],
    "Carina": [
      6.6,
      250.0,
      106.0,
      0.8
    ]
  },
  "rho_env_mapping": {
    "Draco": {
      "local_group": [
        -0.52,
        0.8644999999999999,
        0.08645
      ],
      "galactic_internal": [
        6.541254289404214,
        0.8644999999999999,
        0.08645
      ]
    },
    "UrsaMinor": {
      "local_group": [
        -0.48,
        0.9025,
        0.09025
      ],
      "galactic_internal": [
        6.714245210133092,
        0.9025,
        0.09025
      ]
    },
    "Sculptor": {
      "local_group": [
        -0.56,
        0.8739999999999999,
        0.08739999999999999
      ],
      "galactic_internal": [
        6.408128040106725,
        0.8739999999999999,
        0.08739999999999999
      ]
    },
    "Sextans": {
      "local_group": [
        -0.59,
        0.7505,
        0.07505
      ],
      "galactic_internal": [
        5.318837872586734,
        0.7505,
        0.07505
      ]
    },
    "Carina": {
      "local_group": [
        -0.76,
        0.6269999999999999,
        0.06269999999999999
      ],
      "galactic_internal": [
        5.941278390613171,
        0.6269999999999999,
        0.06269999999999999
      ]
    }
  },
  "baseline_grid": [
    {
      "R": 2.0,
      "three_regime": -19.732286043319668,
      "two_regime": -84.31147320942205,
      "monotonic": -79.91099004986712,
      "lcdm": -100.84879408973997
    },
    {
      "R": 3.0,
      "three_regime": -21.34971937383998,
      "two_regime": -85.27243747568122,
      "monotonic": NaN,
      "lcdm": -101.2538748154351
    },
    {
      "R": 5.0,
      "three_regime": -23.390750196736462,
      "two_regime": -86.67385239188263,
      "monotonic": NaN,
      "lcdm": -101.76450352138328
    },
    {
      "R": 10.0,
      "three_regime": -86.2611169145847,
      "two_regime": -88.69790322734481,
      "monotonic": -83.794509247738,
      "lcdm": -102.4575676032746
    }
  ],
  "scenario_LG": {
    "null_archive": [
      {
        "R": 2.0,
        "three_regime": -40.7759921595738,
        "two_regime": -91.15584052488704,
        "monotonic": -86.32249302182113,
        "lcdm": -106.21178655490155
      },
      {
        "R": 3.0,
        "three_regime": -42.36178557457093,
        "two_regime": -94.85115424443076,
        "monotonic": -87.40797073420673,
        "lcdm": -106.61691685675044
      },
      {
        "R": 5.0,
        "three_regime": -44.38658939382847,
        "two_regime": -100.2863434799747,
        "monotonic": -91.34312848268836,
        "lcdm": -107.12757097274005
      },
      {
        "R": 10.0,
        "three_regime": -36.13540077371679,
        "two_regime": -95.2765009721277,
        "monotonic": -91.8209756587723,
        "lcdm": -107.82064578135173
      }
    ],
    "compat_cosmic": [
      {
        "R": 2.0,
        "three_regime": -20.286119333100167,
        "two_regime": -84.89058968062653,
        "monotonic": -85.72160568603306,
        "lcdm": -127.59380684399201
      },
      {
        "R": 3.0,
        "three_regime": -21.90481803690629,
        "two_regime": -85.84728795010048,
        "monotonic": -96.69925979267839,
        "lcdm": -127.99340382641762
      },
      {
        "R": 5.0,
        "three_regime": -23.946498925648918,
        "two_regime": -87.24661294605643,
        "monotonic": NaN,
        "lcdm": -128.50122255724702
      },
      {
        "R": 10.0,
        "three_regime": -15.347303813497826,
        "two_regime": -89.2698953166238,
        "monotonic": -90.07096019231035,
        "lcdm": -129.1931007149191
      }
    ],
    "compat_galactic": [
      {
        "R": 2.0,
        "three_regime": -22.43491330070573,
        "two_regime": -86.91537109619296,
        "monotonic": -83.04687895405598,
        "lcdm": -109.63447942437844
      },
      {
        "R": 3.0,
        "three_regime": -24.048054758040994,
        "two_regime": -87.91591281861773,
        "monotonic": -83.39639353307378,
        "lcdm": -110.03791912319588
      },
      {
        "R": 5.0,
        "three_regime": -26.086885355957303,
        "two_regime": -89.33803994326149,
        "monotonic": -85.27139508496869,
        "lcdm": -110.54770694380073
      },
      {
        "R": 10.0,
        "three_regime": -17.613336987904077,
        "two_regime": -80.27321243027916,
        "monotonic": -87.97287558594394,
        "lcdm": -111.24041613956669
      }
    ],
    "tension_cluster": [
      {
        "R": 2.0,
        "three_regime": -21.148107458518687,
        "two_regime": -101.70193624860237,
        "monotonic": -100.43952310105415,
        "lcdm": -136.35192320828304
      },
      {
        "R": 3.0,
        "three_regime": -61.599202344497776,
        "two_regime": -104.57667007645647,
        "monotonic": NaN,
        "lcdm": -136.74904444596467
      },
      {
        "R": 5.0,
        "three_regime": -24.734190828866275,
        "two_regime": -103.74274138962868,
        "monotonic": NaN,
        "lcdm": -137.2555945548516
      },
      {
        "R": 10.0,
        "three_regime": -85.98011445811821,
        "two_regime": -105.72086388959205,
        "monotonic": -105.63189218849779,
        "lcdm": -137.94693730053683
      }
    ]
  },
  "scenario_internal": {
    "null_archive": [
      {
        "R": 2.0,
        "three_regime": -33.767047467500035,
        "two_regime": -90.93077978615348,
        "monotonic": NaN,
        "lcdm": -106.21178655490155
      },
      {
        "R": 3.0,
        "three_regime": -35.37332515506104,
        "two_regime": -91.90335094215696,
        "monotonic": NaN,
        "lcdm": -106.61691685675044
      },
      {
        "R": 5.0,
        "three_regime": -37.4086363986428,
        "two_regime": -93.31064786033095,
        "monotonic": -88.33529377177122,
        "lcdm": -107.12757097274005
      },
      {
        "R": 10.0,
        "three_regime": -40.177851061740014,
        "two_regime": -95.33722251999652,
        "monotonic": NaN,
        "lcdm": -107.82064578135173
      }
    ],
    "compat_cosmic": [
      {
        "R": 2.0,
        "three_regime": -23.000255816089194,
        "two_regime": -93.64403588543192,
        "monotonic": -90.36881330280214,
        "lcdm": -127.59380684399201
      },
      {
        "R": 3.0,
        "three_regime": -24.617206293291712,
        "two_regime": -94.83795787465658,
        "monotonic": -91.5218361623663,
        "lcdm": -127.99340382641762
      },
      {
        "R": 5.0,
        "three_regime": -26.657989886029192,
        "two_regime": -96.35894079358503,
        "monotonic": -93.17936949202053,
        "lcdm": -128.50122255724702
      },
      {
        "R": 10.0,
        "three_regime": -18.119530984928204,
        "two_regime": -98.43352479138477,
        "monotonic": -95.65224081810446,
        "lcdm": -129.1931007149191
      }
    ],
    "compat_galactic": [
      {
        "R": 2.0,
        "three_regime": -20.104565919277007,
        "two_regime": -90.60256693877939,
        "monotonic": -101.1083636625347,
        "lcdm": -109.63447942437844
      },
      {
        "R": 3.0,
        "three_regime": -21.72230939409802,
        "two_regime": -91.79717476298298,
        "monotonic": -102.48453867080357,
        "lcdm": -110.03791912319588
      },
      {
        "R": 5.0,
        "three_regime": -23.76349944005255,
        "two_regime": -93.31848982796248,
        "monotonic": -107.9847339304871,
        "lcdm": -110.54770694380073
      },
      {
        "R": 10.0,
        "three_regime": -26.535196065563046,
        "two_regime": -103.19287273816755,
        "monotonic": -93.21236029969144,