{
  "H0_kms_Mpc": 67.4,
  "a0_SQT": 1.0421903092736491e-10,
  "a0_McGaugh": 1.2e-10,
  "Upsilon_star": 0.5,
  "He_factor": 1.33,
  "n_catalog": 175,
  "cut_A_Q12": {
    "label": "Cut A (Q<=2)",
    "n": 129,
    "slope_free": 3.4820379757392628,
    "intercept_free": 2.7709660026604723,
    "sigma_slope_free": 0.04770538227721665,
    "sigma_intercept_free": 0.1010548812983475,
    "sigma_slope_free_inflated": 0.08786327616481315,
    "sigma_intercept_free_inflated": 0.18612182775777897,
    "rchi2_free": 3.392188870641953,
    "slope_reverse_inv": 3.746780873907601,
    "slope_bisector": 3.5761349994281413,
    "chi2_free": 430.80798657152803,
    "aicc_free": 434.9032246667661,
    "intercept_fixed4": 1.6801618347206404,
    "chi2_fixed4": 548.6936734450435,
    "aicc_fixed4": 550.7251695080356,
    "intercept_sqt_apriori": 1.8590299308258533,
    "chi2_sqt_apriori": 817.9906081490551,
    "aicc_sqt_apriori": 817.9906081490551,
    "a0_recovered_from_fixed4": 1.5733129837952848e-10,
    "a0_sqt_prediction": 1.0421903092736491e-10,
    "a0_mcgaugh": 1.2e-10,
    "delta_aicc_free_minus_fixed4": -115.8219448412695,
    "delta_aicc_free_minus_sqt": -383.087383482289,
    "slope_report_bisector": 3.5761349994281413,
    "sigma_slope_used_for_K2": 0.08786327616481315,
    "K1_slope_in_band": false,
    "K2_within_1sigma_of_4": false,
    "K3_aicc_supports_fixed4": false,
    "K4_a0_recovered_matches_sqt": false,
    "ALL_PASS": false
  },
  "cut_B_Q1": {
    "label": "Cut B (Q=1 only)",
    "n": 87,
    "slope_free": 3.5568690420411473,
    "intercept_free": 2.5970713799678067,
    "sigma_slope_free": 0.05871065861229543,
    "sigma_intercept_free": 0.1260325412663876,
    "sigma_slope_free_inflated": 0.11194487214325562,
    "sigma_intercept_free_inflated": 0.24030894988121707,
    "rchi2_free": 3.635586689420703,
    "slope_reverse_inv": 3.849610097170177,
    "slope_bisector": 3.700850512152707,
    "chi2_free": 309.02486860075976,
    "aicc_free": 313.1677257436169,
    "intercept_fixed4": 1.650959963667382,
    "chi2_fixed4": 365.99277757812104,
    "aicc_fixed4": 368.03983640165046,
    "intercept_sqt_apriori": 1.8590299308258533,
    "chi2_sqt_apriori": 618.613437698568,
    "aicc_sqt_apriori": 618.613437698568,
    "a0_recovered_from_fixed4": 1.682739920161431e-10,
    "a0_sqt_prediction": 1.0421903092736491e-10,
    "a0_mcgaugh": 1.2e-10,
    "delta_aicc_free_minus_fixed4": -54.872110658033534,
    "delta_aicc_free_minus_sqt": -305.44571195495104,
    "slope_report_bisector": 3.700850512152707,
    "sigma_slope_used_for_K2": 0.11194487214325562,
    "K1_slope_in_band": false,
    "K2_within_1sigma_of_4": false,
    "K3_aicc_supports_fixed4": false,
    "K4_a0_recovered_matches_sqt": false,
    "ALL_PASS": false
  }
}