{
  "LCDM": {
    "label": "LCDM",
    "Om": 0.30315521119722333,
    "H0": 68.67618327611962,
    "chi2_bao": 10.852283816713598,
    "chi2_cmb": 0.2612219642842248,
    "chi2_sn": 1649.0579190177396,
    "chi2_joint": 1660.1714247987375,
    "aicc_joint": 1664.177939456718,
    "w0": -0.9999999999999998,
    "wa": -8.187839087500681e-16,
    "n_joint": 1845
  },
  "Q93": {
    "label": "Q93_sig75",
    "Om": 0.13662782582523444,
    "H0": 55.00000000010137,
    "chi2_bao": 526.4435929082699,
    "chi2_cmb": 8431.356754958178,
    "chi2_sn": 1921.1467646831452,
    "chi2_joint": 10878.947112549595,
    "aicc_joint": 10882.953627207575,
    "w0": -1.6655217963251405,
    "wa": -0.3883049994582693,
    "n_joint": 1845
  },
  "Q92": {
    "label": "Q92_tanh",
    "Om": 0.2778935163267781,
    "H0": 55.00000000005909,
    "chi2_bao": 563.5026570590171,
    "chi2_cmb": 4130.10094181725,
    "chi2_sn": 2124.0011017940997,
    "chi2_joint": 6817.604700670367,
    "aicc_joint": 6821.611215328347,
    "w0": -1.7218303559870138,
    "wa": -0.2848351068891129,
    "n_joint": 1845
  },
  "n_joint": 1845,
  "bao_only_reference": {
    "Q93": -6.617,
    "Q92": -4.715
  },
  "elapsed_s": 1180.1103818416595
}