{
  "G_eff": 1.0229,
  "delta_sigma_8_pct": 1.144999999999996,
  "sigma_8_LCDM": 0.811,
  "sigma_8_SQT": 0.82028595,
  "tension_helped": false
}