{
  "chi2_lcdm": 12.138781564655206,
  "chi2_a01": 11.630100427867458,
  "chi2_ode": 21.73832182738643,
  "dchi2_a01_vs_lcdm": -0.5086811367877484,
  "dchi2_ode_vs_lcdm": 9.599540262731223,
  "diff_ode_minus_a01": 10.108221399518971,
  "Om_lcdm": 0.29214371491781055,
  "h_lcdm": 0.6903925408248088,
  "Om_a01": 0.2885047431926838,
  "h_a01": 0.6815694755068188,
  "Om_ode": 0.3020482697282957,
  "h_ode": 0.7499999808076561,
  "verdict_k81": "K81/Q81: Neither triggered (intermediate result)",
  "k81_triggered": false,
  "q81_triggered": false
}