{
  "chi2_a01": 11.630100673075844,
  "Om_a01": 0.2885047431926838,
  "h_a01": 0.6815694755068188,
  "G0_scan": [
    0.1,
    0.6137931034482759,
    1.1275862068965519,
    1.6413793103448278,
    2.1551724137931036,
    2.6689655172413795,
    3.1827586206896554,
    3.6965517241379313,
    4.210344827586207,
    4.724137931034482,
    5.2379310344827585,
    5.751724137931035,
    6.26551724137931,
    6.779310344827586,
    7.293103448275862,
    7.806896551724138,
    8.320689655172414,
    8.83448275862069,
    9.348275862068965,
    9.862068965517242,
    10.375862068965517,
    10.889655172413793,
    11.40344827586207,
    11.917241379310346,
    12.431034482758621,
    12.944827586206896,
    13.458620689655172,
    13.972413793103449,
    14.486206896551725,
    15.0
  ],
  "chi2_scan": [
    21.738294854668275,
    21.738294555376143,
    21.738298615841536,
    21.73829974510595,
    21.738301651144866,
    23.018915443250876,
    25.550643305861293,
    28.420473779825528,
    31.54360573275473,
    34.85403983198343,
    38.30005771919147,
    41.841001924113,
    45.44469617286708,
    49.08565550792768,
    52.74368666027762,
    56.402537548533914,
    60.0495744631919,
    63.67463725101895,
    67.26968752697923,
    70.82845636073506,
    74.34604903906566,
    77.81869908764624,
    81.32550444383543,
    88.65298459737328,
    101.46170652485918,
    119.21367961662729,
    141.42752292446548,
    167.676899129127,
    197.574428702795,
    230.7729253023715
  ],
  "Om_scan": [
    0.3419584264191029,
    0.31539064444818854,
    0.2926648433584861,
    0.2729707274306927,
    0.25577807844277267,
    0.25000000456251137,
    0.2500000195435753,
    0.25000000198919325,
    0.2500000014826017,
    0.25000001954229667,
    0.25000000425428726,
    0.25000001187357135,
    0.2500000054037188,
    0.25000000304542025,
    0.2500001010679849,
    0.2500000083330472,
    0.25000000998356414,
    0.2500000188914191,
    0.25000000257825616,
    0.2500000119290372,
    0.25000000701836944,
    0.25000000521443577,
    0.25000100410622517,
    0.25000089333040443,
    0.25000099167959733,
    0.25000099167959733,
    0.2500003221585475,
    0.2500003221585475,
    0.2500003221585475,
    0.2500003221585475
  ],
  "h_scan": [
    0.7499999969308735,
    0.7499999987759831,
    0.7499999857058999,
    0.7499999817803205,
    0.7499999540821194,
    0.7430646008845974,
    0.7307131823804518,
    0.7190863197371564,
    0.7081339613638096,
    0.6977859258013985,
    0.6879572425472051,
    0.6786243641163164,
    0.6697499036514221,
    0.6612681158589324,
    0.6531955193631294,
    0.645441480051645,
    0.6380050643170594,
    0.6308710177240655,
    0.6240216611178453,
    0.6174397391451583,
    0.611095293252391,
    0.6049747051826874,
    0.6000076468231945,
    0.6000003097449245,
    0.6000002596852072,
    0.6000002596852072,
    0.6000004106623977,
    0.6000004106623977,
    0.6000004106623977,
    0.6000004106623977
  ],
  "G0_best": 0.6137931034482759,
  "chi2_best_ode": 21.738294555376143,
  "diff_ode_vs_a01": 10.108193882300299,
  "verdict": "Intermediate: Best ODE G0 vs A01 diff=10.108",
  "k81_triggered": false,
  "q81_triggered": false
}