{
  "honest_one_line": "Pi_1loop / m_n^2 = A*(Lambda_UV/M_Pl)^2 + B*log(Lambda_UV/m_n) + finite; cutoff regulator yields A != 0 (quadratic), PV/dim-reg-like yields A = 0, B != 0.",
  "scan_cutoff": {
    "regulator": "cutoff",
    "x_m_n_over_MPl": 1e-30,
    "r": [
      1e-06,
      1.778279410038923e-06,
      3.162277660168379e-06,
      5.623413251903491e-06,
      1e-05,
      1.778279410038923e-05,
      3.1622776601683795e-05,
      5.623413251903491e-05,
      0.0001,
      0.00017782794100389227,
      0.00031622776601683794,
      0.0005623413251903491,
      0.001,
      0.0017782794100389228,
      0.0031622776601683794,
      0.005623413251903491,
      0.01,
      0.01778279410038923,
      0.03162277660168379,
      0.05623413251903491,
      0.1,
      0.1778279410038923,
      0.31622776601683794,
      0.5623413251903491,
      1.0
    ],
    "Pi_over_m2": [
      6.33257397764611e+45,
      2.002535722087391e+46,
      6.33257397764611e+46,
      2.0025357220873913e+47,
      6.332573977646112e+47,
      2.0025357220873912e+48,
      6.33257397764611e+48,
      2.0025357220873907e+49,
      6.33257397764611e+49,
      2.0025357220873907e+50,
      6.3325739776461104e+50,
      2.002535722087391e+51,
      6.33257397764611e+51,
      2.0025357220873907e+52,
      6.332573977646111e+52,
      2.002535722087391e+53,
      6.332573977646111e+53,
      2.0025357220873913e+54,
      6.332573977646109e+54,
      2.002535722087391e+55,
      6.332573977646112e+55,
      2.002535722087391e+56,
      6.33257397764611e+56,
      2.0025357220873908e+57,
      6.33257397764611e+57
    ],
    "loglog_slope_alpha": 1.9999999999999976,
    "loglog_intercept": 133.09305708570406
  },
  "scan_pauli_villars": {
    "regulator": "pv",
    "x_m_n_over_MPl": 1e-30,
    "r": [
      1e-06,
      1.778279410038923e-06,
      3.162277660168379e-06,
      5.623413251903491e-06,
      1e-05,
      1.778279410038923e-05,
      3.1622776601683795e-05,
      5.623413251903491e-05,
      0.0001,
      0.00017782794100389227,
      0.00031622776601683794,
      0.0005623413251903491,
      0.001,
      0.0017782794100389228,
      0.0031622776601683794,
      0.005623413251903491,
      0.01,
      0.01778279410038923,
      0.03162277660168379,
      0.05623413251903491,
      0.1,
      0.1778279410038923,
      0.31622776601683794,
      0.5623413251903491,
      1.0
    ],
    "Pi_over_m2": [
      3.4995097058903243e+59,
      3.5359629319932125e+59,
      3.5724161580958045e+59,
      3.60886938419746e+59,
      3.645322610296155e+59,
      3.6817758363854865e+59,
      3.7182290624452116e+59,
      3.754682288411308e+59,
      3.791135514081329e+59,
      3.827588738815076e+59,
      3.8640419605880635e+59,
      3.9004951729983093e+59,
      3.936948355800994e+59,
      3.973401444976614e+59,
      4.009854238080087e+59,
      4.046306094947532e+59,
      4.082754991439709e+59,
      4.119194529032685e+59,
      4.155642453045313e+59,
      4.192095679148344e+59,
      4.228548905251364e+59,
      4.265002131354389e+59,
      4.301455357457411e+59,
      4.337908583560441e+59,
      4.374361809663462e+59
    ],
    "loglog_slope_alpha": 0.016127620102774586,
    "loglog_intercept": 137.33209203869836
  },
  "K_verdict": {
    "K1_pi_p2_scalar": true,
    "K2_sign_consistent_across_regulators": true,
    "K3_slope_extracted": true,
    "K4_finite_at_finite_Lam": true,
    "K5_naturalness_at_r1_cutoff": 6.33257397764611e+57,
    "alpha_cutoff": 1.9999999999999976,
    "alpha_pv": 0.016127620102774586
  }
}