{
  "backend": "emcee",
  "names": [
    "Om",
    "h",
    "c0",
    "X_shift",
    "dX"
  ],
  "means": [
    0.3190524191891114,
    0.6712215668512056,
    0.0032004906017447043,
    1.274037663346398,
    0.42824097094332275
  ],
  "stds": [
    0.018162854651066804,
    0.018767802076944697,
    0.08210310482897902,
    0.6547007748928807,
    0.2735027426120212
  ],
  "rhat": [
    1.176284505101507,
    1.1757724409572845,
    1.1777068278046485,
    1.249530967433266,
    1.1918121580240366
  ],
  "x_map": [
    0.29603404974811837,
    0.6974104077480465,
    0.10960330679128999,
    0.4276406967027082,
    0.12791001746770136
  ]
}