{
  "Bp": {
    "name": "Model_Bp",
    "k": 4,
    "params": {
      "Om": 0.3192705844646299,
      "H0": 67.27320523687312,
      "amp": 0.1309387244463885,
      "gamma": -0.03478908333812037
    },
    "boundary_params": [],
    "chi2_bao": 10.034856640401099,
    "chi2_cmb": 0.12127102099199516,
    "chi2_sn": 1639.285222640162,
    "chi2_rsd": 6.622847366208187,
    "chi2_joint": 1656.0641976677632,
    "aicc": 1664.0858426894083,
    "daicc": -6.036857310591586,
    "w0": -1.2171888570975127,
    "wa": 0.6305492998326166,
    "H0_tension": 4.9974401557762
  },
  "D": {
    "name": "Model_D",
    "k": 4,
    "params": {
      "Om": 0.32202532402507333,
      "H0": 66.98314175729169,
      "amp": 0.8178377119480489,
      "beta": 3.532302318008022
    },
    "boundary_params": [],
    "chi2_bao": 9.864663236803535,
    "chi2_cmb": 0.09711335752990682,
    "chi2_sn": 1636.848210220383,
    "chi2_rsd": 6.852989712786775,
    "chi2_joint": 1653.6629765275031,
    "aicc": 1661.6846215491482,
    "daicc": -8.438078450851663,
    "w0": -1.1367541649625474,
    "wa": 0.3670541297394485,
    "H0_tension": 5.248805938698296
  },
  "Cp": {
    "name": "Model_Cp",
    "k": 4,
    "params": {
      "Om": 0.38067503002483927,
      "H0": 56.0208200315268,
      "amp": 0.5000000456347241,
      "c": 2.4999716814088124
    },
    "boundary_params": [
      "amp",
      "c"
    ],
    "chi2_bao": 1003.7550290751719,
    "chi2_cmb": 396.0153749129644,
    "chi2_sn": 1720.2280489561936,
    "chi2_rsd": 9.742353925679783,
    "chi2_joint": 3129.7408068700097,
    "aicc": 3137.7624518916546,
    "daicc": 1467.6397518916547,
    "w0": -1.1176497237877372,
    "wa": -1.0050619361491617,
    "H0_tension": 14.74863193270861
  },
  "Ap_fixed": {
    "name": "Model_Ap_fixed",
    "k": 2,
    "params": {
      "Om": 0.321542013949378,
      "H0": 64.98124493230489
    },
    "boundary_params": [],
    "chi2_bao": 43.28869458830766,
    "chi2_cmb": 38.84973400750354,
    "chi2_sn": 1642.510648634644,
    "chi2_rsd": 7.240270766318316,
    "chi2_joint": 1731.8893479967735,
    "aicc": 1735.89583448326,
    "daicc": 65.77313448326004,
    "w0": -1.0977074859958837,
    "wa": -0.32777082768388677,
    "H0_tension": 6.983627445591206
  },
  "Ap_free": {
    "name": "Model_Ap_free",
    "k": 3,
    "params": {
      "Om": 0.3112727163061401,
      "H0": 67.92032213066663,
      "n": 0.054531522783529976
    },
    "boundary_params": [],
    "chi2_bao": 13.171331333453887,
    "chi2_cmb": 0.7813837295154143,
    "chi2_sn": 1643.6568270343344,
    "chi2_rsd": 6.900691597206025,
    "chi2_joint": 1664.5102336945097,
    "aicc": 1670.523213683693,
    "daicc": 0.4005136836931342,
    "w0": -1.015218863926352,
    "wa": -0.05431691410694446,
    "H0_tension": 4.4366558581967706
  },
  "elapsed_s": 17201.24538588524,
  "lcdm_aicc": 1670.1227
}