{
  "backend": "emcee",
  "means": [
    0.310081742875299,
    0.6769533542454771,
    0.6504875600892231
  ],
  "stds": [
    0.0030637861870916098,
    0.0032146410192343176,
    0.06343477065905281
  ],
  "rhat": [
    1.1004854614352555,
    1.1679693035668357,
    1.113733619817841
  ],
  "names": [
    "Om",
    "h",
    "gamma_D"
  ],
  "nwalkers": 16,
  "nsteps": 200,
  "nburn": 50,
  "seed": 42
}